
GO
INSERT [dbo].[Categories] ([Id], [Name], [Image], [CreatedDate], [Status]) VALUES (N'78405503-6dfc-4439-bd02-2d6fc7279641', N'Laptop', N'https://plus.unsplash.com/premium_photo-1661765896946-46b299fd0036?ixlib=rb-4.0.3&ixid=M3wxMjA3fDB8MHxwaG90by1wYWdlfHx8fGVufDB8fHx8fA%3D%3D&auto=format&fit=crop&w=1170&q=80', CAST(N'2023-08-05T20:54:47.420' AS DateTime), 1)
INSERT [dbo].[Categories] ([Id], [Name], [Image], [CreatedDate], [Status]) VALUES (N'ab34548b-4296-47d3-bcb4-39988d960926', N'Điện thoại', N'https://images.unsplash.com/photo-1592890288564-76628a30a657?ixlib=rb-4.0.3&ixid=M3wxMjA3fDB8MHxwaG90by1wYWdlfHx8fGVufDB8fHx8fA%3D%3D&auto=format&fit=crop&w=1170&q=80', CAST(N'2023-08-05T20:51:26.850' AS DateTime), 1)
INSERT [dbo].[Categories] ([Id], [Name], [Image], [CreatedDate], [Status]) VALUES (N'83c4ecc9-7af5-4a61-b46a-5fadb06f36d7', N'Tai nghe', N'https://images.unsplash.com/photo-1542317854-0a03f0e0c000?ixlib=rb-4.0.3&ixid=M3wxMjA3fDB8MHxwaG90by1wYWdlfHx8fGVufDB8fHx8fA%3D%3D&auto=format&fit=crop&w=1170&q=80', CAST(N'2023-08-05T20:55:34.953' AS DateTime), 1)
GO
INSERT [dbo].[Products] ([Id], [Name], [Price], [Quantity], [Detail], [Description], [CategoryId], [DiscountPrice], [CreatedDate], [Status]) VALUES (N'199b24a3-a283-44f8-8618-005cdd4747f2', N'Laptop 1', CAST(1000000.00 AS Decimal(18, 2)), 100, N'Chi tiết sản phẩm', N'Mô tả sản phẩm', N'78405503-6dfc-4439-bd02-2d6fc7279641', CAST(850000.00 AS Decimal(18, 2)), CAST(N'2023-08-05T21:06:16.917' AS DateTime), 1)
INSERT [dbo].[Products] ([Id], [Name], [Price], [Quantity], [Detail], [Description], [CategoryId], [DiscountPrice], [CreatedDate], [Status]) VALUES (N'ca438baf-20d2-4293-a514-03dfe2c26ffa', N'Head phone', CAST(1000000.00 AS Decimal(18, 2)), 100, N'Chi tiết sản phẩm', N'Mô tả sản phẩm', N'83c4ecc9-7af5-4a61-b46a-5fadb06f36d7', CAST(850000.00 AS Decimal(18, 2)), CAST(N'2023-08-05T21:06:16.937' AS DateTime), 1)
INSERT [dbo].[Products] ([Id], [Name], [Price], [Quantity], [Detail], [Description], [CategoryId], [DiscountPrice], [CreatedDate], [Status]) VALUES (N'b9ce7afe-1e1b-4824-82f5-05c9f0be5636', N'Head phone', CAST(1000000.00 AS Decimal(18, 2)), 100, N'Chi tiết sản phẩm', N'Mô tả sản phẩm', N'83c4ecc9-7af5-4a61-b46a-5fadb06f36d7', CAST(850000.00 AS Decimal(18, 2)), CAST(N'2023-08-05T21:06:16.930' AS DateTime), 1)
INSERT [dbo].[Products] ([Id], [Name], [Price], [Quantity], [Detail], [Description], [CategoryId], [DiscountPrice], [CreatedDate], [Status]) VALUES (N'ac322c3b-1c15-4bba-91fc-0d4ed8ceb545', N'Laptop 18', CAST(1000000.00 AS Decimal(18, 2)), 100, N'Chi tiết sản phẩm', N'Mô tả sản phẩm', N'78405503-6dfc-4439-bd02-2d6fc7279641', CAST(850000.00 AS Decimal(18, 2)), CAST(N'2023-08-05T21:06:16.920' AS DateTime), 1)
INSERT [dbo].[Products] ([Id], [Name], [Price], [Quantity], [Detail], [Description], [CategoryId], [DiscountPrice], [CreatedDate], [Status]) VALUES (N'cad7b811-deb8-44a5-b48d-0eb7dfaa5d2e', N'Head phone', CAST(1000000.00 AS Decimal(18, 2)), 100, N'Chi tiết sản phẩm', N'Mô tả sản phẩm', N'83c4ecc9-7af5-4a61-b46a-5fadb06f36d7', CAST(850000.00 AS Decimal(18, 2)), CAST(N'2023-08-05T21:06:16.930' AS DateTime), 1)
INSERT [dbo].[Products] ([Id], [Name], [Price], [Quantity], [Detail], [Description], [CategoryId], [DiscountPrice], [CreatedDate], [Status]) VALUES (N'0aed0c79-8af9-4e65-99ce-1083a18f7329', N'Điện thoại 6', CAST(1000000.00 AS Decimal(18, 2)), 100, N'Chi tiết sản phẩm', N'Mô tả sản phẩm', N'ab34548b-4296-47d3-bcb4-39988d960926', CAST(850000.00 AS Decimal(18, 2)), CAST(N'2023-08-05T21:06:16.923' AS DateTime), 1)
INSERT [dbo].[Products] ([Id], [Name], [Price], [Quantity], [Detail], [Description], [CategoryId], [DiscountPrice], [CreatedDate], [Status]) VALUES (N'181101d3-1495-4811-ac15-1a62d70e1369', N'Laptop 19', CAST(1000000.00 AS Decimal(18, 2)), 100, N'Chi tiết sản phẩm', N'Mô tả sản phẩm', N'78405503-6dfc-4439-bd02-2d6fc7279641', CAST(850000.00 AS Decimal(18, 2)), CAST(N'2023-08-05T21:06:16.920' AS DateTime), 1)
INSERT [dbo].[Products] ([Id], [Name], [Price], [Quantity], [Detail], [Description], [CategoryId], [DiscountPrice], [CreatedDate], [Status]) VALUES (N'5e7406f2-1802-47d0-ad7a-224d0c4c5a15', N'Laptop 5', CAST(1000000.00 AS Decimal(18, 2)), 100, N'Chi tiết sản phẩm', N'Mô tả sản phẩm', N'78405503-6dfc-4439-bd02-2d6fc7279641', CAST(850000.00 AS Decimal(18, 2)), CAST(N'2023-08-05T21:06:16.920' AS DateTime), 1)
INSERT [dbo].[Products] ([Id], [Name], [Price], [Quantity], [Detail], [Description], [CategoryId], [DiscountPrice], [CreatedDate], [Status]) VALUES (N'60a883f7-3099-4454-9e34-252628810820', N'Laptop 6', CAST(1000000.00 AS Decimal(18, 2)), 100, N'Chi tiết sản phẩm', N'Mô tả sản phẩm', N'78405503-6dfc-4439-bd02-2d6fc7279641', CAST(850000.00 AS Decimal(18, 2)), CAST(N'2023-08-05T21:06:16.920' AS DateTime), 1)
INSERT [dbo].[Products] ([Id], [Name], [Price], [Quantity], [Detail], [Description], [CategoryId], [DiscountPrice], [CreatedDate], [Status]) VALUES (N'cb18cd40-4690-4d99-83d1-2aa3752cd61b', N'Head phone', CAST(1000000.00 AS Decimal(18, 2)), 100, N'Chi tiết sản phẩm', N'Mô tả sản phẩm', N'83c4ecc9-7af5-4a61-b46a-5fadb06f36d7', CAST(850000.00 AS Decimal(18, 2)), CAST(N'2023-08-05T21:06:16.930' AS DateTime), 1)
INSERT [dbo].[Products] ([Id], [Name], [Price], [Quantity], [Detail], [Description], [CategoryId], [DiscountPrice], [CreatedDate], [Status]) VALUES (N'e2b5f984-1ea5-41c9-a1c5-2e4adf1da03c', N'Điện thoại 14', CAST(1000000.00 AS Decimal(18, 2)), 100, N'Chi tiết sản phẩm', N'Mô tả sản phẩm', N'ab34548b-4296-47d3-bcb4-39988d960926', CAST(850000.00 AS Decimal(18, 2)), CAST(N'2023-08-05T21:06:16.930' AS DateTime), 1)
INSERT [dbo].[Products] ([Id], [Name], [Price], [Quantity], [Detail], [Description], [CategoryId], [DiscountPrice], [CreatedDate], [Status]) VALUES (N'e670ca73-6ab5-4e47-b6ad-33a8f16176ca', N'Laptop 13', CAST(1000000.00 AS Decimal(18, 2)), 100, N'Chi tiết sản phẩm', N'Mô tả sản phẩm', N'78405503-6dfc-4439-bd02-2d6fc7279641', CAST(850000.00 AS Decimal(18, 2)), CAST(N'2023-08-05T21:06:16.920' AS DateTime), 1)
INSERT [dbo].[Products] ([Id], [Name], [Price], [Quantity], [Detail], [Description], [CategoryId], [DiscountPrice], [CreatedDate], [Status]) VALUES (N'69b6778b-c26b-43d9-a52d-366202e6ca17', N'Điện thoại 4', CAST(1000000.00 AS Decimal(18, 2)), 100, N'Chi tiết sản phẩm', N'Mô tả sản phẩm', N'ab34548b-4296-47d3-bcb4-39988d960926', CAST(850000.00 AS Decimal(18, 2)), CAST(N'2023-08-05T21:06:16.923' AS DateTime), 1)
INSERT [dbo].[Products] ([Id], [Name], [Price], [Quantity], [Detail], [Description], [CategoryId], [DiscountPrice], [CreatedDate], [Status]) VALUES (N'8a898f95-de01-465f-8683-3ae493ada221', N'Head phone', CAST(1000000.00 AS Decimal(18, 2)), 100, N'Chi tiết sản phẩm', N'Mô tả sản phẩm', N'83c4ecc9-7af5-4a61-b46a-5fadb06f36d7', CAST(850000.00 AS Decimal(18, 2)), CAST(N'2023-08-05T21:06:16.933' AS DateTime), 1)
INSERT [dbo].[Products] ([Id], [Name], [Price], [Quantity], [Detail], [Description], [CategoryId], [DiscountPrice], [CreatedDate], [Status]) VALUES (N'13686bb3-ed3d-428f-967e-3d0a882e7d0e', N'Laptop 11', CAST(1000000.00 AS Decimal(18, 2)), 100, N'Chi tiết sản phẩm', N'Mô tả sản phẩm', N'78405503-6dfc-4439-bd02-2d6fc7279641', CAST(850000.00 AS Decimal(18, 2)), CAST(N'2023-08-05T21:06:16.920' AS DateTime), 1)
INSERT [dbo].[Products] ([Id], [Name], [Price], [Quantity], [Detail], [Description], [CategoryId], [DiscountPrice], [CreatedDate], [Status]) VALUES (N'd4ddc4c8-726d-4cf3-bf5e-3d968e379f37', N'Laptop 9', CAST(1000000.00 AS Decimal(18, 2)), 100, N'Chi tiết sản phẩm', N'Mô tả sản phẩm', N'78405503-6dfc-4439-bd02-2d6fc7279641', CAST(850000.00 AS Decimal(18, 2)), CAST(N'2023-08-05T21:06:16.920' AS DateTime), 1)
INSERT [dbo].[Products] ([Id], [Name], [Price], [Quantity], [Detail], [Description], [CategoryId], [DiscountPrice], [CreatedDate], [Status]) VALUES (N'4534d0ba-1130-401f-8625-3e175c85a11f', N'Điện thoại 1', CAST(1000000.00 AS Decimal(18, 2)), 100, N'Chi tiết sản phẩm', N'Mô tả sản phẩm', N'ab34548b-4296-47d3-bcb4-39988d960926', CAST(850000.00 AS Decimal(18, 2)), CAST(N'2023-08-05T21:06:16.923' AS DateTime), 1)
INSERT [dbo].[Products] ([Id], [Name], [Price], [Quantity], [Detail], [Description], [CategoryId], [DiscountPrice], [CreatedDate], [Status]) VALUES (N'9fdcab23-e39d-4e1c-a5be-41560aac5089', N'Head phone', CAST(1000000.00 AS Decimal(18, 2)), 100, N'Chi tiết sản phẩm', N'Mô tả sản phẩm', N'83c4ecc9-7af5-4a61-b46a-5fadb06f36d7', CAST(850000.00 AS Decimal(18, 2)), CAST(N'2023-08-05T21:06:16.930' AS DateTime), 1)
INSERT [dbo].[Products] ([Id], [Name], [Price], [Quantity], [Detail], [Description], [CategoryId], [DiscountPrice], [CreatedDate], [Status]) VALUES (N'1db19979-38ba-4b80-b137-4227db73c708', N'Head phone', CAST(1000000.00 AS Decimal(18, 2)), 100, N'Chi tiết sản phẩm', N'Mô tả sản phẩm', N'83c4ecc9-7af5-4a61-b46a-5fadb06f36d7', CAST(850000.00 AS Decimal(18, 2)), CAST(N'2023-08-05T21:06:16.937' AS DateTime), 1)
INSERT [dbo].[Products] ([Id], [Name], [Price], [Quantity], [Detail], [Description], [CategoryId], [DiscountPrice], [CreatedDate], [Status]) VALUES (N'594d63b7-0c9a-4324-b5c2-47ec462b65bd', N'Head phone', CAST(1000000.00 AS Decimal(18, 2)), 100, N'Chi tiết sản phẩm', N'Mô tả sản phẩm', N'83c4ecc9-7af5-4a61-b46a-5fadb06f36d7', CAST(850000.00 AS Decimal(18, 2)), CAST(N'2023-08-05T21:06:16.933' AS DateTime), 1)
INSERT [dbo].[Products] ([Id], [Name], [Price], [Quantity], [Detail], [Description], [CategoryId], [DiscountPrice], [CreatedDate], [Status]) VALUES (N'096dd0c8-b72a-4068-91aa-483e3f65cb7c', N'Điện thoại 13', CAST(1000000.00 AS Decimal(18, 2)), 100, N'Chi tiết sản phẩm', N'Mô tả sản phẩm', N'ab34548b-4296-47d3-bcb4-39988d960926', CAST(850000.00 AS Decimal(18, 2)), CAST(N'2023-08-05T21:06:16.927' AS DateTime), 1)
INSERT [dbo].[Products] ([Id], [Name], [Price], [Quantity], [Detail], [Description], [CategoryId], [DiscountPrice], [CreatedDate], [Status]) VALUES (N'3af7e753-6aa6-4d62-8636-4aff254d7086', N'Laptop 17', CAST(1000000.00 AS Decimal(18, 2)), 100, N'Chi tiết sản phẩm', N'Mô tả sản phẩm', N'78405503-6dfc-4439-bd02-2d6fc7279641', CAST(850000.00 AS Decimal(18, 2)), CAST(N'2023-08-05T21:06:16.920' AS DateTime), 1)
INSERT [dbo].[Products] ([Id], [Name], [Price], [Quantity], [Detail], [Description], [CategoryId], [DiscountPrice], [CreatedDate], [Status]) VALUES (N'ccea15ca-8380-4d70-b968-53298e75461d', N'Head phone', CAST(1000000.00 AS Decimal(18, 2)), 100, N'Chi tiết sản phẩm', N'Mô tả sản phẩm', N'83c4ecc9-7af5-4a61-b46a-5fadb06f36d7', CAST(850000.00 AS Decimal(18, 2)), CAST(N'2023-08-05T21:06:16.933' AS DateTime), 1)
INSERT [dbo].[Products] ([Id], [Name], [Price], [Quantity], [Detail], [Description], [CategoryId], [DiscountPrice], [CreatedDate], [Status]) VALUES (N'e971aac1-9c1b-4694-aeec-56d7941c8be0', N'Điện thoại 19', CAST(1000000.00 AS Decimal(18, 2)), 100, N'Chi tiết sản phẩm', N'Mô tả sản phẩm', N'ab34548b-4296-47d3-bcb4-39988d960926', CAST(850000.00 AS Decimal(18, 2)), CAST(N'2023-08-05T21:06:16.930' AS DateTime), 1)
INSERT [dbo].[Products] ([Id], [Name], [Price], [Quantity], [Detail], [Description], [CategoryId], [DiscountPrice], [CreatedDate], [Status]) VALUES (N'dd5d7b1a-b175-4425-94b2-57e92defdcd9', N'Head phone', CAST(1000000.00 AS Decimal(18, 2)), 100, N'Chi tiết sản phẩm', N'Mô tả sản phẩm', N'83c4ecc9-7af5-4a61-b46a-5fadb06f36d7', CAST(850000.00 AS Decimal(18, 2)), CAST(N'2023-08-05T21:06:16.933' AS DateTime), 1)
INSERT [dbo].[Products] ([Id], [Name], [Price], [Quantity], [Detail], [Description], [CategoryId], [DiscountPrice], [CreatedDate], [Status]) VALUES (N'5e307d3b-c9d0-4700-b92d-5f8cf8321498', N'Laptop 2', CAST(1000000.00 AS Decimal(18, 2)), 100, N'Chi tiết sản phẩm', N'Mô tả sản phẩm', N'78405503-6dfc-4439-bd02-2d6fc7279641', CAST(850000.00 AS Decimal(18, 2)), CAST(N'2023-08-05T21:06:16.917' AS DateTime), 1)
INSERT [dbo].[Products] ([Id], [Name], [Price], [Quantity], [Detail], [Description], [CategoryId], [DiscountPrice], [CreatedDate], [Status]) VALUES (N'a9b80856-4ada-4d74-aa08-647352ea5a4e', N'Điện thoại 9', CAST(1000000.00 AS Decimal(18, 2)), 100, N'Chi tiết sản phẩm', N'Mô tả sản phẩm', N'ab34548b-4296-47d3-bcb4-39988d960926', CAST(850000.00 AS Decimal(18, 2)), CAST(N'2023-08-05T21:06:16.923' AS DateTime), 1)
INSERT [dbo].[Products] ([Id], [Name], [Price], [Quantity], [Detail], [Description], [CategoryId], [DiscountPrice], [CreatedDate], [Status]) VALUES (N'b197b13b-a524-4a36-914f-6ef29c2d424f', N'Head phone', CAST(1000000.00 AS Decimal(18, 2)), 100, N'Chi tiết sản phẩm', N'Mô tả sản phẩm', N'83c4ecc9-7af5-4a61-b46a-5fadb06f36d7', CAST(850000.00 AS Decimal(18, 2)), CAST(N'2023-08-05T21:06:16.933' AS DateTime), 1)
INSERT [dbo].[Products] ([Id], [Name], [Price], [Quantity], [Detail], [Description], [CategoryId], [DiscountPrice], [CreatedDate], [Status]) VALUES (N'6fcffdc5-61c7-4fe9-8a51-717756dfc01f', N'Điện thoại 18', CAST(1000000.00 AS Decimal(18, 2)), 100, N'Chi tiết sản phẩm', N'Mô tả sản phẩm', N'ab34548b-4296-47d3-bcb4-39988d960926', CAST(850000.00 AS Decimal(18, 2)), CAST(N'2023-08-05T21:06:16.930' AS DateTime), 1)
INSERT [dbo].[Products] ([Id], [Name], [Price], [Quantity], [Detail], [Description], [CategoryId], [DiscountPrice], [CreatedDate], [Status]) VALUES (N'3f2a6a41-2c80-4d87-8568-78a4a67eee80', N'Điện thoại 3', CAST(1000000.00 AS Decimal(18, 2)), 100, N'Chi tiết sản phẩm', N'Mô tả sản phẩm', N'ab34548b-4296-47d3-bcb4-39988d960926', CAST(850000.00 AS Decimal(18, 2)), CAST(N'2023-08-05T21:06:16.923' AS DateTime), 1)
INSERT [dbo].[Products] ([Id], [Name], [Price], [Quantity], [Detail], [Description], [CategoryId], [DiscountPrice], [CreatedDate], [Status]) VALUES (N'd63d0287-7650-4adc-84a0-78ff5a4b370b', N'Head phone', CAST(1000000.00 AS Decimal(18, 2)), 100, N'Chi tiết sản phẩm', N'Mô tả sản phẩm', N'83c4ecc9-7af5-4a61-b46a-5fadb06f36d7', CAST(850000.00 AS Decimal(18, 2)), CAST(N'2023-08-05T21:06:16.930' AS DateTime), 1)
INSERT [dbo].[Products] ([Id], [Name], [Price], [Quantity], [Detail], [Description], [CategoryId], [DiscountPrice], [CreatedDate], [Status]) VALUES (N'b85a946a-8784-45c3-a9cf-867efc352a41', N'Điện thoại 2', CAST(1000000.00 AS Decimal(18, 2)), 100, N'Chi tiết sản phẩm', N'Mô tả sản phẩm', N'ab34548b-4296-47d3-bcb4-39988d960926', CAST(850000.00 AS Decimal(18, 2)), CAST(N'2023-08-05T21:06:16.923' AS DateTime), 1)
INSERT [dbo].[Products] ([Id], [Name], [Price], [Quantity], [Detail], [Description], [CategoryId], [DiscountPrice], [CreatedDate], [Status]) VALUES (N'2756c56a-9200-409e-887b-8e6880255488', N'Head phone', CAST(1000000.00 AS Decimal(18, 2)), 100, N'Chi tiết sản phẩm', N'Mô tả sản phẩm', N'83c4ecc9-7af5-4a61-b46a-5fadb06f36d7', CAST(850000.00 AS Decimal(18, 2)), CAST(N'2023-08-05T21:06:16.937' AS DateTime), 1)
INSERT [dbo].[Products] ([Id], [Name], [Price], [Quantity], [Detail], [Description], [CategoryId], [DiscountPrice], [CreatedDate], [Status]) VALUES (N'918f87bb-4926-4549-ad44-8f5b21712d24', N'Laptop 14', CAST(1000000.00 AS Decimal(18, 2)), 100, N'Chi tiết sản phẩm', N'Mô tả sản phẩm', N'78405503-6dfc-4439-bd02-2d6fc7279641', CAST(850000.00 AS Decimal(18, 2)), CAST(N'2023-08-05T21:06:16.920' AS DateTime), 1)
INSERT [dbo].[Products] ([Id], [Name], [Price], [Quantity], [Detail], [Description], [CategoryId], [DiscountPrice], [CreatedDate], [Status]) VALUES (N'525d19c1-c217-4ac2-a261-9217c2c6d032', N'Laptop 7', CAST(1000000.00 AS Decimal(18, 2)), 100, N'Chi tiết sản phẩm', N'Mô tả sản phẩm', N'78405503-6dfc-4439-bd02-2d6fc7279641', CAST(850000.00 AS Decimal(18, 2)), CAST(N'2023-08-05T21:06:16.920' AS DateTime), 1)
INSERT [dbo].[Products] ([Id], [Name], [Price], [Quantity], [Detail], [Description], [CategoryId], [DiscountPrice], [CreatedDate], [Status]) VALUES (N'edcc2613-f877-47ce-8718-956053d4b915', N'Laptop 8', CAST(1000000.00 AS Decimal(18, 2)), 100, N'Chi tiết sản phẩm', N'Mô tả sản phẩm', N'78405503-6dfc-4439-bd02-2d6fc7279641', CAST(850000.00 AS Decimal(18, 2)), CAST(N'2023-08-05T21:06:16.920' AS DateTime), 1)
INSERT [dbo].[Products] ([Id], [Name], [Price], [Quantity], [Detail], [Description], [CategoryId], [DiscountPrice], [CreatedDate], [Status]) VALUES (N'57bb4f67-74c7-4736-b99c-95d8b6ce5251', N'Điện thoại 11', CAST(1000000.00 AS Decimal(18, 2)), 100, N'Chi tiết sản phẩm', N'Mô tả sản phẩm', N'ab34548b-4296-47d3-bcb4-39988d960926', CAST(850000.00 AS Decimal(18, 2)), CAST(N'2023-08-05T21:06:16.923' AS DateTime), 1)
INSERT [dbo].[Products] ([Id], [Name], [Price], [Quantity], [Detail], [Description], [CategoryId], [DiscountPrice], [CreatedDate], [Status]) VALUES (N'5dd5c919-59ab-4809-a3f6-9cc6cd72c53a', N'Head phone', CAST(1000000.00 AS Decimal(18, 2)), 100, N'Chi tiết sản phẩm', N'Mô tả sản phẩm', N'83c4ecc9-7af5-4a61-b46a-5fadb06f36d7', CAST(850000.00 AS Decimal(18, 2)), CAST(N'2023-08-05T21:06:16.937' AS DateTime), 1)
INSERT [dbo].[Products] ([Id], [Name], [Price], [Quantity], [Detail], [Description], [CategoryId], [DiscountPrice], [CreatedDate], [Status]) VALUES (N'9af68d5d-dc5a-4ea9-8c33-9cf80142dd40', N'Laptop 15', CAST(1000000.00 AS Decimal(18, 2)), 100, N'Chi tiết sản phẩm', N'Mô tả sản phẩm', N'78405503-6dfc-4439-bd02-2d6fc7279641', CAST(850000.00 AS Decimal(18, 2)), CAST(N'2023-08-05T21:06:16.920' AS DateTime), 1)
INSERT [dbo].[Products] ([Id], [Name], [Price], [Quantity], [Detail], [Description], [CategoryId], [DiscountPrice], [CreatedDate], [Status]) VALUES (N'4b8bd7ed-3b46-4aa9-ad3e-9ded14590cb4', N'Laptop 3', CAST(1000000.00 AS Decimal(18, 2)), 100, N'Chi tiết sản phẩm', N'Mô tả sản phẩm', N'78405503-6dfc-4439-bd02-2d6fc7279641', CAST(850000.00 AS Decimal(18, 2)), CAST(N'2023-08-05T21:06:16.917' AS DateTime), 1)
INSERT [dbo].[Products] ([Id], [Name], [Price], [Quantity], [Detail], [Description], [CategoryId], [DiscountPrice], [CreatedDate], [Status]) VALUES (N'f2d3d554-134b-4652-b07c-a24a8c403f9b', N'Laptop 4', CAST(1000000.00 AS Decimal(18, 2)), 100, N'Chi tiết sản phẩm', N'Mô tả sản phẩm', N'78405503-6dfc-4439-bd02-2d6fc7279641', CAST(850000.00 AS Decimal(18, 2)), CAST(N'2023-08-05T21:06:16.920' AS DateTime), 1)
INSERT [dbo].[Products] ([Id], [Name], [Price], [Quantity], [Detail], [Description], [CategoryId], [DiscountPrice], [CreatedDate], [Status]) VALUES (N'a2d4bad7-7e05-4906-823c-a439a26aa737', N'Điện thoại 10', CAST(1000000.00 AS Decimal(18, 2)), 100, N'Chi tiết sản phẩm', N'Mô tả sản phẩm', N'ab34548b-4296-47d3-bcb4-39988d960926', CAST(850000.00 AS Decimal(18, 2)), CAST(N'2023-08-05T21:06:16.923' AS DateTime), 1)
INSERT [dbo].[Products] ([Id], [Name], [Price], [Quantity], [Detail], [Description], [CategoryId], [DiscountPrice], [CreatedDate], [Status]) VALUES (N'af7ee28e-cbac-4019-94b8-a4481a413707', N'Điện thoại 15', CAST(1000000.00 AS Decimal(18, 2)), 100, N'Chi tiết sản phẩm', N'Mô tả sản phẩm', N'ab34548b-4296-47d3-bcb4-39988d960926', CAST(850000.00 AS Decimal(18, 2)), CAST(N'2023-08-05T21:06:16.930' AS DateTime), 1)
INSERT [dbo].[Products] ([Id], [Name], [Price], [Quantity], [Detail], [Description], [CategoryId], [DiscountPrice], [CreatedDate], [Status]) VALUES (N'aedba97c-f055-4445-bbb3-a4698a5d3bc5', N'Điện thoại 8', CAST(1000000.00 AS Decimal(18, 2)), 100, N'Chi tiết sản phẩm', N'Mô tả sản phẩm', N'ab34548b-4296-47d3-bcb4-39988d960926', CAST(850000.00 AS Decimal(18, 2)), CAST(N'2023-08-05T21:06:16.923' AS DateTime), 1)
INSERT [dbo].[Products] ([Id], [Name], [Price], [Quantity], [Detail], [Description], [CategoryId], [DiscountPrice], [CreatedDate], [Status]) VALUES (N'fc34594b-3dd1-49b3-85da-a9c3d236d8e3', N'Laptop 16', CAST(1000000.00 AS Decimal(18, 2)), 100, N'Chi tiết sản phẩm', N'Mô tả sản phẩm', N'78405503-6dfc-4439-bd02-2d6fc7279641', CAST(850000.00 AS Decimal(18, 2)), CAST(N'2023-08-05T21:06:16.920' AS DateTime), 1)
INSERT [dbo].[Products] ([Id], [Name], [Price], [Quantity], [Detail], [Description], [CategoryId], [DiscountPrice], [CreatedDate], [Status]) VALUES (N'41fa384c-e982-4b43-85d0-b419becbe36c', N'Laptop 12', CAST(1000000.00 AS Decimal(18, 2)), 100, N'Chi tiết sản phẩm', N'Mô tả sản phẩm', N'78405503-6dfc-4439-bd02-2d6fc7279641', CAST(850000.00 AS Decimal(18, 2)), CAST(N'2023-08-05T21:06:16.920' AS DateTime), 1)
INSERT [dbo].[Products] ([Id], [Name], [Price], [Quantity], [Detail], [Description], [CategoryId], [DiscountPrice], [CreatedDate], [Status]) VALUES (N'b469bcd7-3806-4a07-a30b-c246d17372e6', N'Điện thoại 17', CAST(1000000.00 AS Decimal(18, 2)), 100, N'Chi tiết sản phẩm', N'Mô tả sản phẩm', N'ab34548b-4296-47d3-bcb4-39988d960926', CAST(850000.00 AS Decimal(18, 2)), CAST(N'2023-08-05T21:06:16.930' AS DateTime), 1)
INSERT [dbo].[Products] ([Id], [Name], [Price], [Quantity], [Detail], [Description], [CategoryId], [DiscountPrice], [CreatedDate], [Status]) VALUES (N'c9ba4ec5-e52b-4179-9735-c7ec96fd2e1d', N'Điện thoại 16', CAST(1000000.00 AS Decimal(18, 2)), 100, N'Chi tiết sản phẩm', N'Mô tả sản phẩm', N'ab34548b-4296-47d3-bcb4-39988d960926', CAST(850000.00 AS Decimal(18, 2)), CAST(N'2023-08-05T21:06:16.930' AS DateTime), 1)
INSERT [dbo].[Products] ([Id], [Name], [Price], [Quantity], [Detail], [Description], [CategoryId], [DiscountPrice], [CreatedDate], [Status]) VALUES (N'917e9dd6-7b86-4447-9c9f-c88147e19138', N'4', CAST(3000.00 AS Decimal(18, 2)), 100, N'a', N'a', N'83c4ecc9-7af5-4a61-b46a-5fadb06f36d7', CAST(2500.00 AS Decimal(18, 2)), CAST(N'2023-09-09T19:33:59.077' AS DateTime), 1)
INSERT [dbo].[Products] ([Id], [Name], [Price], [Quantity], [Detail], [Description], [CategoryId], [DiscountPrice], [CreatedDate], [Status]) VALUES (N'603a2f99-2d0d-4154-8c0d-d065a84f99a1', N'Laptop 10', CAST(1000000.00 AS Decimal(18, 2)), 100, N'Chi tiết sản phẩm', N'Mô tả sản phẩm', N'78405503-6dfc-4439-bd02-2d6fc7279641', CAST(850000.00 AS Decimal(18, 2)), CAST(N'2023-08-05T21:06:16.920' AS DateTime), 1)
INSERT [dbo].[Products] ([Id], [Name], [Price], [Quantity], [Detail], [Description], [CategoryId], [DiscountPrice], [CreatedDate], [Status]) VALUES (N'3910ddf7-32bc-4db0-bf5d-d8c33f3e5a84', N'Điện thoại 5', CAST(1000000.00 AS Decimal(18, 2)), 100, N'Chi tiết sản phẩm', N'Mô tả sản phẩm', N'ab34548b-4296-47d3-bcb4-39988d960926', CAST(850000.00 AS Decimal(18, 2)), CAST(N'2023-08-05T21:06:16.923' AS DateTime), 1)
INSERT [dbo].[Products] ([Id], [Name], [Price], [Quantity], [Detail], [Description], [CategoryId], [DiscountPrice], [CreatedDate], [Status]) VALUES (N'978eb6af-e786-46bc-a70d-e1f17c7487dc', N'Head phone', CAST(1000000.00 AS Decimal(18, 2)), 100, N'Chi tiết sản phẩm', N'Mô tả sản phẩm', N'83c4ecc9-7af5-4a61-b46a-5fadb06f36d7', CAST(850000.00 AS Decimal(18, 2)), CAST(N'2023-08-05T21:06:16.933' AS DateTime), 1)
INSERT [dbo].[Products] ([Id], [Name], [Price], [Quantity], [Detail], [Description], [CategoryId], [DiscountPrice], [CreatedDate], [Status]) VALUES (N'6cd4e034-a98a-483f-9726-e9d26464155e', N'Head phone', CAST(1000000.00 AS Decimal(18, 2)), 100, N'Chi tiết sản phẩm', N'Mô tả sản phẩm', N'83c4ecc9-7af5-4a61-b46a-5fadb06f36d7', CAST(850000.00 AS Decimal(18, 2)), CAST(N'2023-08-05T21:06:16.933' AS DateTime), 1)
INSERT [dbo].[Products] ([Id], [Name], [Price], [Quantity], [Detail], [Description], [CategoryId], [DiscountPrice], [CreatedDate], [Status]) VALUES (N'5f6449dc-840a-4914-85e7-eedbdc3da771', N'Head phone', CAST(1000000.00 AS Decimal(18, 2)), 100, N'Chi tiết sản phẩm', N'Mô tả sản phẩm', N'83c4ecc9-7af5-4a61-b46a-5fadb06f36d7', CAST(850000.00 AS Decimal(18, 2)), CAST(N'2023-08-05T21:06:16.933' AS DateTime), 1)
INSERT [dbo].[Products] ([Id], [Name], [Price], [Quantity], [Detail], [Description], [CategoryId], [DiscountPrice], [CreatedDate], [Status]) VALUES (N'16238d0e-c38c-4d87-9970-efe01fa83127', N'Điện thoại 7', CAST(1000000.00 AS Decimal(18, 2)), 100, N'Chi tiết sản phẩm', N'Mô tả sản phẩm', N'ab34548b-4296-47d3-bcb4-39988d960926', CAST(850000.00 AS Decimal(18, 2)), CAST(N'2023-08-05T21:06:16.923' AS DateTime), 1)
INSERT [dbo].[Products] ([Id], [Name], [Price], [Quantity], [Detail], [Description], [CategoryId], [DiscountPrice], [CreatedDate], [Status]) VALUES (N'a400d571-d5bd-4e53-9d83-f57dd3a24f12', N'Điện thoại 12', CAST(1000000.00 AS Decimal(18, 2)), 100, N'Chi tiết sản phẩm', N'Mô tả sản phẩm', N'ab34548b-4296-47d3-bcb4-39988d960926', CAST(850000.00 AS Decimal(18, 2)), CAST(N'2023-08-05T21:06:16.927' AS DateTime), 1)
INSERT [dbo].[Products] ([Id], [Name], [Price], [Quantity], [Detail], [Description], [CategoryId], [DiscountPrice], [CreatedDate], [Status]) VALUES (N'956cf5cd-94bb-4f63-a5d1-f88c416deb2c', N'Head phone', CAST(1000000.00 AS Decimal(18, 2)), 100, N'Chi tiết sản phẩm', N'Mô tả sản phẩm', N'83c4ecc9-7af5-4a61-b46a-5fadb06f36d7', CAST(850000.00 AS Decimal(18, 2)), CAST(N'2023-08-05T21:06:16.930' AS DateTime), 1)
INSERT [dbo].[Products] ([Id], [Name], [Price], [Quantity], [Detail], [Description], [CategoryId], [DiscountPrice], [CreatedDate], [Status]) VALUES (N'a0fbd080-efc9-436a-82f2-fd52a803cdea', N'Head phone', CAST(1000000.00 AS Decimal(18, 2)), 100, N'Chi tiết sản phẩm', N'Mô tả sản phẩm', N'83c4ecc9-7af5-4a61-b46a-5fadb06f36d7', CAST(850000.00 AS Decimal(18, 2)), CAST(N'2023-08-05T21:06:16.937' AS DateTime), 1)
GO
INSERT [dbo].[ProductImages] ([Id], [ImageLink], [Alt], [ProductId], [CreatedDate], [Status]) VALUES (N'93b63096-9dc0-40ed-94d0-004fcce03326', N'https://images.unsplash.com/photo-1690264696696-95ce83c2a3ea?ixlib=rb-4.0.3&ixid=M3wxMjA3fDB8MHxwaG90by1wYWdlfHx8fGVufDB8fHx8fA%3D%3D&auto=format&fit=crop&w=1170&q=80', N'anh-san-pham', N'3910ddf7-32bc-4db0-bf5d-d8c33f3e5a84', CAST(N'2023-08-05T21:59:11.940' AS DateTime), 1)
INSERT [dbo].[ProductImages] ([Id], [ImageLink], [Alt], [ProductId], [CreatedDate], [Status]) VALUES (N'48b9929d-8b12-439a-876b-01896637f4f9', N'https://images.unsplash.com/photo-1690264696696-95ce83c2a3ea?ixlib=rb-4.0.3&ixid=M3wxMjA3fDB8MHxwaG90by1wYWdlfHx8fGVufDB8fHx8fA%3D%3D&auto=format&fit=crop&w=1170&q=80', N'anh-san-pham', N'a2d4bad7-7e05-4906-823c-a439a26aa737', CAST(N'2023-08-05T21:59:11.933' AS DateTime), 1)
INSERT [dbo].[ProductImages] ([Id], [ImageLink], [Alt], [ProductId], [CreatedDate], [Status]) VALUES (N'ed1fd151-5ff5-4856-be59-0231c3ae3ac3', N'https://images.unsplash.com/photo-1690264696696-95ce83c2a3ea?ixlib=rb-4.0.3&ixid=M3wxMjA3fDB8MHxwaG90by1wYWdlfHx8fGVufDB8fHx8fA%3D%3D&auto=format&fit=crop&w=1170&q=80', N'anh-san-pham', N'3af7e753-6aa6-4d62-8636-4aff254d7086', CAST(N'2023-08-05T21:59:11.917' AS DateTime), 1)
INSERT [dbo].[ProductImages] ([Id], [ImageLink], [Alt], [ProductId], [CreatedDate], [Status]) VALUES (N'1a8a1076-60bd-4484-a7e1-02a4cebb163c', N'https://images.unsplash.com/photo-1690264696696-95ce83c2a3ea?ixlib=rb-4.0.3&ixid=M3wxMjA3fDB8MHxwaG90by1wYWdlfHx8fGVufDB8fHx8fA%3D%3D&auto=format&fit=crop&w=1170&q=80', N'anh-san-pham', N'a9b80856-4ada-4d74-aa08-647352ea5a4e', CAST(N'2023-08-05T21:59:11.920' AS DateTime), 1)
INSERT [dbo].[ProductImages] ([Id], [ImageLink], [Alt], [ProductId], [CreatedDate], [Status]) VALUES (N'0ff38143-49e0-436c-935e-03a877d26a97', N'https://images.unsplash.com/photo-1690264696696-95ce83c2a3ea?ixlib=rb-4.0.3&ixid=M3wxMjA3fDB8MHxwaG90by1wYWdlfHx8fGVufDB8fHx8fA%3D%3D&auto=format&fit=crop&w=1170&q=80', N'anh-san-pham', N'096dd0c8-b72a-4068-91aa-483e3f65cb7c', CAST(N'2023-08-05T21:59:11.917' AS DateTime), 1)
INSERT [dbo].[ProductImages] ([Id], [ImageLink], [Alt], [ProductId], [CreatedDate], [Status]) VALUES (N'8c62226c-f6a3-4f0c-b1d4-063df3b1b2fd', N'https://images.unsplash.com/photo-1690264696696-95ce83c2a3ea?ixlib=rb-4.0.3&ixid=M3wxMjA3fDB8MHxwaG90by1wYWdlfHx8fGVufDB8fHx8fA%3D%3D&auto=format&fit=crop&w=1170&q=80', N'anh-san-pham', N'9fdcab23-e39d-4e1c-a5be-41560aac5089', CAST(N'2023-08-05T21:59:11.913' AS DateTime), 1)
INSERT [dbo].[ProductImages] ([Id], [ImageLink], [Alt], [ProductId], [CreatedDate], [Status]) VALUES (N'6c76c21b-a888-410f-aa01-0a16b60a3df8', N'https://images.unsplash.com/photo-1690264696696-95ce83c2a3ea?ixlib=rb-4.0.3&ixid=M3wxMjA3fDB8MHxwaG90by1wYWdlfHx8fGVufDB8fHx8fA%3D%3D&auto=format&fit=crop&w=1170&q=80', N'anh-san-pham', N'5e7406f2-1802-47d0-ad7a-224d0c4c5a15', CAST(N'2023-08-05T21:59:11.907' AS DateTime), 1)
INSERT [dbo].[ProductImages] ([Id], [ImageLink], [Alt], [ProductId], [CreatedDate], [Status]) VALUES (N'039c57a7-49ca-41a5-b306-0a9d5b42d5e5', N'https://images.unsplash.com/photo-1690264696696-95ce83c2a3ea?ixlib=rb-4.0.3&ixid=M3wxMjA3fDB8MHxwaG90by1wYWdlfHx8fGVufDB8fHx8fA%3D%3D&auto=format&fit=crop&w=1170&q=80', N'anh-san-pham', N'8a898f95-de01-465f-8683-3ae493ada221', CAST(N'2023-08-05T21:59:11.910' AS DateTime), 1)
INSERT [dbo].[ProductImages] ([Id], [ImageLink], [Alt], [ProductId], [CreatedDate], [Status]) VALUES (N'790723ea-5a84-4715-8aef-0b768b08fece', N'https://images.unsplash.com/photo-1690264696696-95ce83c2a3ea?ixlib=rb-4.0.3&ixid=M3wxMjA3fDB8MHxwaG90by1wYWdlfHx8fGVufDB8fHx8fA%3D%3D&auto=format&fit=crop&w=1170&q=80', N'anh-san-pham', N'd4ddc4c8-726d-4cf3-bf5e-3d968e379f37', CAST(N'2023-08-05T21:59:11.910' AS DateTime), 1)
INSERT [dbo].[ProductImages] ([Id], [ImageLink], [Alt], [ProductId], [CreatedDate], [Status]) VALUES (N'734385c4-b980-4f52-8f08-0be7d85f9067', N'https://images.unsplash.com/photo-1690264696696-95ce83c2a3ea?ixlib=rb-4.0.3&ixid=M3wxMjA3fDB8MHxwaG90by1wYWdlfHx8fGVufDB8fHx8fA%3D%3D&auto=format&fit=crop&w=1170&q=80', N'anh-san-pham', N'cad7b811-deb8-44a5-b48d-0eb7dfaa5d2e', CAST(N'2023-08-05T21:59:11.907' AS DateTime), 1)
INSERT [dbo].[ProductImages] ([Id], [ImageLink], [Alt], [ProductId], [CreatedDate], [Status]) VALUES (N'5bdff879-3dee-404d-8631-0cfd900448e3', N'https://images.unsplash.com/photo-1690264696696-95ce83c2a3ea?ixlib=rb-4.0.3&ixid=M3wxMjA3fDB8MHxwaG90by1wYWdlfHx8fGVufDB8fHx8fA%3D%3D&auto=format&fit=crop&w=1170&q=80', N'anh-san-pham', N'69b6778b-c26b-43d9-a52d-366202e6ca17', CAST(N'2023-08-05T21:59:11.910' AS DateTime), 1)
INSERT [dbo].[ProductImages] ([Id], [ImageLink], [Alt], [ProductId], [CreatedDate], [Status]) VALUES (N'bc16262e-fc64-425d-a9b1-0d2bc827b207', N'https://images.unsplash.com/photo-1690264696696-95ce83c2a3ea?ixlib=rb-4.0.3&ixid=M3wxMjA3fDB8MHxwaG90by1wYWdlfHx8fGVufDB8fHx8fA%3D%3D&auto=format&fit=crop&w=1170&q=80', N'anh-san-pham', N'cb18cd40-4690-4d99-83d1-2aa3752cd61b', CAST(N'2023-08-05T21:59:11.910' AS DateTime), 1)
INSERT [dbo].[ProductImages] ([Id], [ImageLink], [Alt], [ProductId], [CreatedDate], [Status]) VALUES (N'7eb405e9-092d-49dd-a587-0daccde36959', N'https://images.unsplash.com/photo-1690264696696-95ce83c2a3ea?ixlib=rb-4.0.3&ixid=M3wxMjA3fDB8MHxwaG90by1wYWdlfHx8fGVufDB8fHx8fA%3D%3D&auto=format&fit=crop&w=1170&q=80', N'anh-san-pham', N'5f6449dc-840a-4914-85e7-eedbdc3da771', CAST(N'2023-08-05T21:59:11.943' AS DateTime), 1)
INSERT [dbo].[ProductImages] ([Id], [ImageLink], [Alt], [ProductId], [CreatedDate], [Status]) VALUES (N'7f8e3b99-e511-4ed5-b549-0e53cabb87ae', N'https://images.unsplash.com/photo-1690264696696-95ce83c2a3ea?ixlib=rb-4.0.3&ixid=M3wxMjA3fDB8MHxwaG90by1wYWdlfHx8fGVufDB8fHx8fA%3D%3D&auto=format&fit=crop&w=1170&q=80', N'anh-san-pham', N'e670ca73-6ab5-4e47-b6ad-33a8f16176ca', CAST(N'2023-08-05T21:59:11.910' AS DateTime), 1)
INSERT [dbo].[ProductImages] ([Id], [ImageLink], [Alt], [ProductId], [CreatedDate], [Status]) VALUES (N'249224e9-785b-41bc-80f9-0f86ba4e57fb', N'https://images.unsplash.com/photo-1690264696696-95ce83c2a3ea?ixlib=rb-4.0.3&ixid=M3wxMjA3fDB8MHxwaG90by1wYWdlfHx8fGVufDB8fHx8fA%3D%3D&auto=format&fit=crop&w=1170&q=80', N'anh-san-pham', N'2756c56a-9200-409e-887b-8e6880255488', CAST(N'2023-08-05T21:59:11.927' AS DateTime), 1)
INSERT [dbo].[ProductImages] ([Id], [ImageLink], [Alt], [ProductId], [CreatedDate], [Status]) VALUES (N'0b822ba3-6902-4762-a06f-127b636524f2', N'https://images.unsplash.com/photo-1690264696696-95ce83c2a3ea?ixlib=rb-4.0.3&ixid=M3wxMjA3fDB8MHxwaG90by1wYWdlfHx8fGVufDB8fHx8fA%3D%3D&auto=format&fit=crop&w=1170&q=80', N'anh-san-pham', N'c9ba4ec5-e52b-4179-9735-c7ec96fd2e1d', CAST(N'2023-08-05T21:59:11.940' AS DateTime), 1)
INSERT [dbo].[ProductImages] ([Id], [ImageLink], [Alt], [ProductId], [CreatedDate], [Status]) VALUES (N'59150ec5-4c42-40c6-899e-12cdb1a7d730', N'https://images.unsplash.com/photo-1690264696696-95ce83c2a3ea?ixlib=rb-4.0.3&ixid=M3wxMjA3fDB8MHxwaG90by1wYWdlfHx8fGVufDB8fHx8fA%3D%3D&auto=format&fit=crop&w=1170&q=80', N'anh-san-pham', N'41fa384c-e982-4b43-85d0-b419becbe36c', CAST(N'2023-08-05T21:59:11.937' AS DateTime), 1)
INSERT [dbo].[ProductImages] ([Id], [ImageLink], [Alt], [ProductId], [CreatedDate], [Status]) VALUES (N'33c6ae84-4172-4396-8e99-13c5b30d46c1', N'https://images.unsplash.com/photo-1690264696696-95ce83c2a3ea?ixlib=rb-4.0.3&ixid=M3wxMjA3fDB8MHxwaG90by1wYWdlfHx8fGVufDB8fHx8fA%3D%3D&auto=format&fit=crop&w=1170&q=80', N'anh-san-pham', N'fc34594b-3dd1-49b3-85da-a9c3d236d8e3', CAST(N'2023-08-05T21:59:11.937' AS DateTime), 1)
INSERT [dbo].[ProductImages] ([Id], [ImageLink], [Alt], [ProductId], [CreatedDate], [Status]) VALUES (N'3f5c7c55-23c2-4519-975e-1593c9d8ddc8', N'https://images.unsplash.com/photo-1690264696696-95ce83c2a3ea?ixlib=rb-4.0.3&ixid=M3wxMjA3fDB8MHxwaG90by1wYWdlfHx8fGVufDB8fHx8fA%3D%3D&auto=format&fit=crop&w=1170&q=80', N'anh-san-pham', N'e2b5f984-1ea5-41c9-a1c5-2e4adf1da03c', CAST(N'2023-08-05T21:59:11.910' AS DateTime), 1)
INSERT [dbo].[ProductImages] ([Id], [ImageLink], [Alt], [ProductId], [CreatedDate], [Status]) VALUES (N'cd8a95fb-50a2-42d9-9b5a-190c00e2e8ea', N'https://images.unsplash.com/photo-1690264696696-95ce83c2a3ea?ixlib=rb-4.0.3&ixid=M3wxMjA3fDB8MHxwaG90by1wYWdlfHx8fGVufDB8fHx8fA%3D%3D&auto=format&fit=crop&w=1170&q=80', N'anh-san-pham', N'918f87bb-4926-4549-ad44-8f5b21712d24', CAST(N'2023-08-05T21:59:11.927' AS DateTime), 1)
INSERT [dbo].[ProductImages] ([Id], [ImageLink], [Alt], [ProductId], [CreatedDate], [Status]) VALUES (N'd781eb66-28c2-47e1-bff8-19e80c42578b', N'https://images.unsplash.com/photo-1690264696696-95ce83c2a3ea?ixlib=rb-4.0.3&ixid=M3wxMjA3fDB8MHxwaG90by1wYWdlfHx8fGVufDB8fHx8fA%3D%3D&auto=format&fit=crop&w=1170&q=80', N'anh-san-pham', N'e670ca73-6ab5-4e47-b6ad-33a8f16176ca', CAST(N'2023-08-05T21:59:11.910' AS DateTime), 1)
INSERT [dbo].[ProductImages] ([Id], [ImageLink], [Alt], [ProductId], [CreatedDate], [Status]) VALUES (N'5a4211a8-4d6f-4f29-a6be-19f7038bd556', N'https://images.unsplash.com/photo-1690264696696-95ce83c2a3ea?ixlib=rb-4.0.3&ixid=M3wxMjA3fDB8MHxwaG90by1wYWdlfHx8fGVufDB8fHx8fA%3D%3D&auto=format&fit=crop&w=1170&q=80', N'anh-san-pham', N'69b6778b-c26b-43d9-a52d-366202e6ca17', CAST(N'2023-08-05T21:59:11.910' AS DateTime), 1)
INSERT [dbo].[ProductImages] ([Id], [ImageLink], [Alt], [ProductId], [CreatedDate], [Status]) VALUES (N'8a3e8f88-3e6e-41c5-950d-1a287fa3339a', N'https://images.unsplash.com/photo-1690264696696-95ce83c2a3ea?ixlib=rb-4.0.3&ixid=M3wxMjA3fDB8MHxwaG90by1wYWdlfHx8fGVufDB8fHx8fA%3D%3D&auto=format&fit=crop&w=1170&q=80', N'anh-san-pham', N'aedba97c-f055-4445-bbb3-a4698a5d3bc5', CAST(N'2023-08-05T21:59:11.933' AS DateTime), 1)
INSERT [dbo].[ProductImages] ([Id], [ImageLink], [Alt], [ProductId], [CreatedDate], [Status]) VALUES (N'2cc006f0-e5e3-42e3-9641-1b8028cb4eca', N'https://images.unsplash.com/photo-1690264696696-95ce83c2a3ea?ixlib=rb-4.0.3&ixid=M3wxMjA3fDB8MHxwaG90by1wYWdlfHx8fGVufDB8fHx8fA%3D%3D&auto=format&fit=crop&w=1170&q=80', N'anh-san-pham', N'e2b5f984-1ea5-41c9-a1c5-2e4adf1da03c', CAST(N'2023-08-05T21:59:11.910' AS DateTime), 1)
INSERT [dbo].[ProductImages] ([Id], [ImageLink], [Alt], [ProductId], [CreatedDate], [Status]) VALUES (N'215335a4-4328-4d78-b27f-1d7d6b617d9a', N'https://images.unsplash.com/photo-1690264696696-95ce83c2a3ea?ixlib=rb-4.0.3&ixid=M3wxMjA3fDB8MHxwaG90by1wYWdlfHx8fGVufDB8fHx8fA%3D%3D&auto=format&fit=crop&w=1170&q=80', N'anh-san-pham', N'4b8bd7ed-3b46-4aa9-ad3e-9ded14590cb4', CAST(N'2023-08-05T21:59:11.933' AS DateTime), 1)
INSERT [dbo].[ProductImages] ([Id], [ImageLink], [Alt], [ProductId], [CreatedDate], [Status]) VALUES (N'df070c60-1c5e-45a3-96d7-1fd85d6caa9d', N'https://images.unsplash.com/photo-1690264696696-95ce83c2a3ea?ixlib=rb-4.0.3&ixid=M3wxMjA3fDB8MHxwaG90by1wYWdlfHx8fGVufDB8fHx8fA%3D%3D&auto=format&fit=crop&w=1170&q=80', N'anh-san-pham', N'3910ddf7-32bc-4db0-bf5d-d8c33f3e5a84', CAST(N'2023-08-05T21:59:11.940' AS DateTime), 1)
INSERT [dbo].[ProductImages] ([Id], [ImageLink], [Alt], [ProductId], [CreatedDate], [Status]) VALUES (N'baae0f33-7596-40ed-bb60-1fe9979f4fbc', N'https://images.unsplash.com/photo-1690264696696-95ce83c2a3ea?ixlib=rb-4.0.3&ixid=M3wxMjA3fDB8MHxwaG90by1wYWdlfHx8fGVufDB8fHx8fA%3D%3D&auto=format&fit=crop&w=1170&q=80', N'anh-san-pham', N'956cf5cd-94bb-4f63-a5d1-f88c416deb2c', CAST(N'2023-08-05T21:59:11.947' AS DateTime), 1)
INSERT [dbo].[ProductImages] ([Id], [ImageLink], [Alt], [ProductId], [CreatedDate], [Status]) VALUES (N'3cf1f2db-09b0-49cb-b2be-209a98904501', N'https://images.unsplash.com/photo-1690264696696-95ce83c2a3ea?ixlib=rb-4.0.3&ixid=M3wxMjA3fDB8MHxwaG90by1wYWdlfHx8fGVufDB8fHx8fA%3D%3D&auto=format&fit=crop&w=1170&q=80', N'anh-san-pham', N'181101d3-1495-4811-ac15-1a62d70e1369', CAST(N'2023-08-05T21:59:11.907' AS DateTime), 1)
INSERT [dbo].[ProductImages] ([Id], [ImageLink], [Alt], [ProductId], [CreatedDate], [Status]) VALUES (N'7fa85347-3804-47de-aba4-20e970e3597d', N'https://images.unsplash.com/photo-1690264696696-95ce83c2a3ea?ixlib=rb-4.0.3&ixid=M3wxMjA3fDB8MHxwaG90by1wYWdlfHx8fGVufDB8fHx8fA%3D%3D&auto=format&fit=crop&w=1170&q=80', N'anh-san-pham', N'e670ca73-6ab5-4e47-b6ad-33a8f16176ca', CAST(N'2023-08-05T21:59:11.910' AS DateTime), 1)
INSERT [dbo].[ProductImages] ([Id], [ImageLink], [Alt], [ProductId], [CreatedDate], [Status]) VALUES (N'c598d51b-deb7-47cd-b88d-21069b0d44e8', N'https://images.unsplash.com/photo-1690264696696-95ce83c2a3ea?ixlib=rb-4.0.3&ixid=M3wxMjA3fDB8MHxwaG90by1wYWdlfHx8fGVufDB8fHx8fA%3D%3D&auto=format&fit=crop&w=1170&q=80', N'anh-san-pham', N'594d63b7-0c9a-4324-b5c2-47ec462b65bd', CAST(N'2023-08-05T21:59:11.913' AS DateTime), 1)
INSERT [dbo].[ProductImages] ([Id], [ImageLink], [Alt], [ProductId], [CreatedDate], [Status]) VALUES (N'02bf8ad0-9246-4630-83ab-2176f9bd3ace', N'https://images.unsplash.com/photo-1690264696696-95ce83c2a3ea?ixlib=rb-4.0.3&ixid=M3wxMjA3fDB8MHxwaG90by1wYWdlfHx8fGVufDB8fHx8fA%3D%3D&auto=format&fit=crop&w=1170&q=80', N'anh-san-pham', N'603a2f99-2d0d-4154-8c0d-d065a84f99a1', CAST(N'2023-08-05T21:59:11.940' AS DateTime), 1)
INSERT [dbo].[ProductImages] ([Id], [ImageLink], [Alt], [ProductId], [CreatedDate], [Status]) VALUES (N'5884d737-06a8-4a61-9a1e-2194c6b1188d', N'https://images.unsplash.com/photo-1690264696696-95ce83c2a3ea?ixlib=rb-4.0.3&ixid=M3wxMjA3fDB8MHxwaG90by1wYWdlfHx8fGVufDB8fHx8fA%3D%3D&auto=format&fit=crop&w=1170&q=80', N'anh-san-pham', N'e971aac1-9c1b-4694-aeec-56d7941c8be0', CAST(N'2023-08-05T21:59:11.917' AS DateTime), 1)
INSERT [dbo].[ProductImages] ([Id], [ImageLink], [Alt], [ProductId], [CreatedDate], [Status]) VALUES (N'b8b9436d-3237-4263-8e69-21b5f942a979', N'https://images.unsplash.com/photo-1690264696696-95ce83c2a3ea?ixlib=rb-4.0.3&ixid=M3wxMjA3fDB8MHxwaG90by1wYWdlfHx8fGVufDB8fHx8fA%3D%3D&auto=format&fit=crop&w=1170&q=80', N'anh-san-pham', N'b9ce7afe-1e1b-4824-82f5-05c9f0be5636', CAST(N'2023-08-05T21:59:11.903' AS DateTime), 1)
INSERT [dbo].[ProductImages] ([Id], [ImageLink], [Alt], [ProductId], [CreatedDate], [Status]) VALUES (N'64f40153-d07b-43fc-aeb8-21d2a24ead64', N'https://images.unsplash.com/photo-1690264696696-95ce83c2a3ea?ixlib=rb-4.0.3&ixid=M3wxMjA3fDB8MHxwaG90by1wYWdlfHx8fGVufDB8fHx8fA%3D%3D&auto=format&fit=crop&w=1170&q=80', N'anh-san-pham', N'aedba97c-f055-4445-bbb3-a4698a5d3bc5', CAST(N'2023-08-05T21:59:11.937' AS DateTime), 1)
INSERT [dbo].[ProductImages] ([Id], [ImageLink], [Alt], [ProductId], [CreatedDate], [Status]) VALUES (N'1bd63ea7-badb-4e73-a51c-23ddbc831ef6', N'https://images.unsplash.com/photo-1690264696696-95ce83c2a3ea?ixlib=rb-4.0.3&ixid=M3wxMjA3fDB8MHxwaG90by1wYWdlfHx8fGVufDB8fHx8fA%3D%3D&auto=format&fit=crop&w=1170&q=80', N'anh-san-pham', N'181101d3-1495-4811-ac15-1a62d70e1369', CAST(N'2023-08-05T21:59:11.907' AS DateTime), 1)
INSERT [dbo].[ProductImages] ([Id], [ImageLink], [Alt], [ProductId], [CreatedDate], [Status]) VALUES (N'092333ab-e286-47ab-b97d-250724d668d1', N'https://images.unsplash.com/photo-1690264696696-95ce83c2a3ea?ixlib=rb-4.0.3&ixid=M3wxMjA3fDB8MHxwaG90by1wYWdlfHx8fGVufDB8fHx8fA%3D%3D&auto=format&fit=crop&w=1170&q=80', N'anh-san-pham', N'16238d0e-c38c-4d87-9970-efe01fa83127', CAST(N'2023-08-05T21:59:11.943' AS DateTime), 1)
INSERT [dbo].[ProductImages] ([Id], [ImageLink], [Alt], [ProductId], [CreatedDate], [Status]) VALUES (N'a73de700-5499-46ed-9418-265bcba011d2', N'https://images.unsplash.com/photo-1690264696696-95ce83c2a3ea?ixlib=rb-4.0.3&ixid=M3wxMjA3fDB8MHxwaG90by1wYWdlfHx8fGVufDB8fHx8fA%3D%3D&auto=format&fit=crop&w=1170&q=80', N'anh-san-pham', N'9fdcab23-e39d-4e1c-a5be-41560aac5089', CAST(N'2023-08-05T21:59:11.913' AS DateTime), 1)
INSERT [dbo].[ProductImages] ([Id], [ImageLink], [Alt], [ProductId], [CreatedDate], [Status]) VALUES (N'1e5d8d2b-bffb-4a4e-9f6a-28cda217c6ca', N'https://images.unsplash.com/photo-1690264696696-95ce83c2a3ea?ixlib=rb-4.0.3&ixid=M3wxMjA3fDB8MHxwaG90by1wYWdlfHx8fGVufDB8fHx8fA%3D%3D&auto=format&fit=crop&w=1170&q=80', N'anh-san-pham', N'cb18cd40-4690-4d99-83d1-2aa3752cd61b', CAST(N'2023-08-05T21:59:11.910' AS DateTime), 1)
INSERT [dbo].[ProductImages] ([Id], [ImageLink], [Alt], [ProductId], [CreatedDate], [Status]) VALUES (N'47e554f7-eb4e-4408-8369-29cbb303b028', N'https://images.unsplash.com/photo-1690264696696-95ce83c2a3ea?ixlib=rb-4.0.3&ixid=M3wxMjA3fDB8MHxwaG90by1wYWdlfHx8fGVufDB8fHx8fA%3D%3D&auto=format&fit=crop&w=1170&q=80', N'anh-san-pham', N'3af7e753-6aa6-4d62-8636-4aff254d7086', CAST(N'2023-08-05T21:59:11.917' AS DateTime), 1)
INSERT [dbo].[ProductImages] ([Id], [ImageLink], [Alt], [ProductId], [CreatedDate], [Status]) VALUES (N'9e6154fa-f2bd-4907-b383-2ae830e60e34', N'https://images.unsplash.com/photo-1690264696696-95ce83c2a3ea?ixlib=rb-4.0.3&ixid=M3wxMjA3fDB8MHxwaG90by1wYWdlfHx8fGVufDB8fHx8fA%3D%3D&auto=format&fit=crop&w=1170&q=80', N'anh-san-pham', N'aedba97c-f055-4445-bbb3-a4698a5d3bc5', CAST(N'2023-08-05T21:59:11.933' AS DateTime), 1)
INSERT [dbo].[ProductImages] ([Id], [ImageLink], [Alt], [ProductId], [CreatedDate], [Status]) VALUES (N'5a92af80-d2da-4f29-9c1d-2b33472de47f', N'https://images.unsplash.com/photo-1690264696696-95ce83c2a3ea?ixlib=rb-4.0.3&ixid=M3wxMjA3fDB8MHxwaG90by1wYWdlfHx8fGVufDB8fHx8fA%3D%3D&auto=format&fit=crop&w=1170&q=80', N'anh-san-pham', N'57bb4f67-74c7-4736-b99c-95d8b6ce5251', CAST(N'2023-08-05T21:59:11.930' AS DateTime), 1)
INSERT [dbo].[ProductImages] ([Id], [ImageLink], [Alt], [ProductId], [CreatedDate], [Status]) VALUES (N'af76cb3b-40a1-4f7f-a95a-2beb10b21cb5', N'https://images.unsplash.com/photo-1690264696696-95ce83c2a3ea?ixlib=rb-4.0.3&ixid=M3wxMjA3fDB8MHxwaG90by1wYWdlfHx8fGVufDB8fHx8fA%3D%3D&auto=format&fit=crop&w=1170&q=80', N'anh-san-pham', N'9af68d5d-dc5a-4ea9-8c33-9cf80142dd40', CAST(N'2023-08-05T21:59:11.930' AS DateTime), 1)
INSERT [dbo].[ProductImages] ([Id], [ImageLink], [Alt], [ProductId], [CreatedDate], [Status]) VALUES (N'baa1dbaa-197e-4dfd-9bc3-2ce3db6f0efe', N'https://images.unsplash.com/photo-1690264696696-95ce83c2a3ea?ixlib=rb-4.0.3&ixid=M3wxMjA3fDB8MHxwaG90by1wYWdlfHx8fGVufDB8fHx8fA%3D%3D&auto=format&fit=crop&w=1170&q=80', N'anh-san-pham', N'dd5d7b1a-b175-4425-94b2-57e92defdcd9', CAST(N'2023-08-05T21:59:11.917' AS DateTime), 1)
INSERT [dbo].[ProductImages] ([Id], [ImageLink], [Alt], [ProductId], [CreatedDate], [Status]) VALUES (N'7b79b915-3b28-48ae-aacd-2ce3f73e7453', N'https://images.unsplash.com/photo-1690264696696-95ce83c2a3ea?ixlib=rb-4.0.3&ixid=M3wxMjA3fDB8MHxwaG90by1wYWdlfHx8fGVufDB8fHx8fA%3D%3D&auto=format&fit=crop&w=1170&q=80', N'anh-san-pham', N'199b24a3-a283-44f8-8618-005cdd4747f2', CAST(N'2023-08-05T21:59:11.900' AS DateTime), 1)
INSERT [dbo].[ProductImages] ([Id], [ImageLink], [Alt], [ProductId], [CreatedDate], [Status]) VALUES (N'b78a3e02-3d17-4fbd-9ad2-2e377c63f333', N'https://images.unsplash.com/photo-1690264696696-95ce83c2a3ea?ixlib=rb-4.0.3&ixid=M3wxMjA3fDB8MHxwaG90by1wYWdlfHx8fGVufDB8fHx8fA%3D%3D&auto=format&fit=crop&w=1170&q=80', N'anh-san-pham', N'a0fbd080-efc9-436a-82f2-fd52a803cdea', CAST(N'2023-08-05T21:59:11.947' AS DateTime), 1)
INSERT [dbo].[ProductImages] ([Id], [ImageLink], [Alt], [ProductId], [CreatedDate], [Status]) VALUES (N'bf8ad1f0-3d67-4bba-bdf7-2ef627d71a89', N'https://images.unsplash.com/photo-1690264696696-95ce83c2a3ea?ixlib=rb-4.0.3&ixid=M3wxMjA3fDB8MHxwaG90by1wYWdlfHx8fGVufDB8fHx8fA%3D%3D&auto=format&fit=crop&w=1170&q=80', N'anh-san-pham', N'4534d0ba-1130-401f-8625-3e175c85a11f', CAST(N'2023-08-05T21:59:11.913' AS DateTime), 1)
INSERT [dbo].[ProductImages] ([Id], [ImageLink], [Alt], [ProductId], [CreatedDate], [Status]) VALUES (N'963a1501-b894-489f-911d-2fd8bc41150d', N'https://images.unsplash.com/photo-1690264696696-95ce83c2a3ea?ixlib=rb-4.0.3&ixid=M3wxMjA3fDB8MHxwaG90by1wYWdlfHx8fGVufDB8fHx8fA%3D%3D&auto=format&fit=crop&w=1170&q=80', N'anh-san-pham', N'9fdcab23-e39d-4e1c-a5be-41560aac5089', CAST(N'2023-08-05T21:59:11.913' AS DateTime), 1)
INSERT [dbo].[ProductImages] ([Id], [ImageLink], [Alt], [ProductId], [CreatedDate], [Status]) VALUES (N'769d01cd-cfa3-4361-b3b2-30523e372a75', N'https://images.unsplash.com/photo-1690264696696-95ce83c2a3ea?ixlib=rb-4.0.3&ixid=M3wxMjA3fDB8MHxwaG90by1wYWdlfHx8fGVufDB8fHx8fA%3D%3D&auto=format&fit=crop&w=1170&q=80', N'anh-san-pham', N'b85a946a-8784-45c3-a9cf-867efc352a41', CAST(N'2023-08-05T21:59:11.923' AS DateTime), 1)
INSERT [dbo].[ProductImages] ([Id], [ImageLink], [Alt], [ProductId], [CreatedDate], [Status]) VALUES (N'bc9af9f6-fd53-43d9-bb59-30ef3d9aac1f', N'https://images.unsplash.com/photo-1690264696696-95ce83c2a3ea?ixlib=rb-4.0.3&ixid=M3wxMjA3fDB8MHxwaG90by1wYWdlfHx8fGVufDB8fHx8fA%3D%3D&auto=format&fit=crop&w=1170&q=80', N'anh-san-pham', N'af7ee28e-cbac-4019-94b8-a4481a413707', CAST(N'2023-08-05T21:59:11.933' AS DateTime), 1)
INSERT [dbo].[ProductImages] ([Id], [ImageLink], [Alt], [ProductId], [CreatedDate], [Status]) VALUES (N'f80d74ab-692e-4c76-b1d9-341cad5f30cc', N'https://images.unsplash.com/photo-1690264696696-95ce83c2a3ea?ixlib=rb-4.0.3&ixid=M3wxMjA3fDB8MHxwaG90by1wYWdlfHx8fGVufDB8fHx8fA%3D%3D&auto=format&fit=crop&w=1170&q=80', N'anh-san-pham', N'918f87bb-4926-4549-ad44-8f5b21712d24', CAST(N'2023-08-05T21:59:11.927' AS DateTime), 1)
INSERT [dbo].[ProductImages] ([Id], [ImageLink], [Alt], [ProductId], [CreatedDate], [Status]) VALUES (N'fbbe9234-d266-4361-86ce-3522ccf2d2a6', N'https://images.unsplash.com/photo-1690264696696-95ce83c2a3ea?ixlib=rb-4.0.3&ixid=M3wxMjA3fDB8MHxwaG90by1wYWdlfHx8fGVufDB8fHx8fA%3D%3D&auto=format&fit=crop&w=1170&q=80', N'anh-san-pham', N'a400d571-d5bd-4e53-9d83-f57dd3a24f12', CAST(N'2023-08-05T21:59:11.947' AS DateTime), 1)
INSERT [dbo].[ProductImages] ([Id], [ImageLink], [Alt], [ProductId], [CreatedDate], [Status]) VALUES (N'25033162-33bb-43bb-baeb-36744ebcdb95', N'https://images.unsplash.com/photo-1690264696696-95ce83c2a3ea?ixlib=rb-4.0.3&ixid=M3wxMjA3fDB8MHxwaG90by1wYWdlfHx8fGVufDB8fHx8fA%3D%3D&auto=format&fit=crop&w=1170&q=80', N'anh-san-pham', N'f2d3d554-134b-4652-b07c-a24a8c403f9b', CAST(N'2023-08-05T21:59:11.933' AS DateTime), 1)
INSERT [dbo].[ProductImages] ([Id], [ImageLink], [Alt], [ProductId], [CreatedDate], [Status]) VALUES (N'cb59b8b6-ecf8-4b38-9c90-389f6d2a3112', N'https://images.unsplash.com/photo-1690264696696-95ce83c2a3ea?ixlib=rb-4.0.3&ixid=M3wxMjA3fDB8MHxwaG90by1wYWdlfHx8fGVufDB8fHx8fA%3D%3D&auto=format&fit=crop&w=1170&q=80', N'anh-san-pham', N'69b6778b-c26b-43d9-a52d-366202e6ca17', CAST(N'2023-08-05T21:59:11.910' AS DateTime), 1)
INSERT [dbo].[ProductImages] ([Id], [ImageLink], [Alt], [ProductId], [CreatedDate], [Status]) VALUES (N'8161e87e-f59a-4fa0-b0f2-3924c2bd7d72', N'https://images.unsplash.com/photo-1690264696696-95ce83c2a3ea?ixlib=rb-4.0.3&ixid=M3wxMjA3fDB8MHxwaG90by1wYWdlfHx8fGVufDB8fHx8fA%3D%3D&auto=format&fit=crop&w=1170&q=80', N'anh-san-pham', N'b197b13b-a524-4a36-914f-6ef29c2d424f', CAST(N'2023-08-05T21:59:11.920' AS DateTime), 1)
INSERT [dbo].[ProductImages] ([Id], [ImageLink], [Alt], [ProductId], [CreatedDate], [Status]) VALUES (N'5a95e6ce-b4f7-43d1-a6ff-3b7abe8a07a4', N'https://images.unsplash.com/photo-1690264696696-95ce83c2a3ea?ixlib=rb-4.0.3&ixid=M3wxMjA3fDB8MHxwaG90by1wYWdlfHx8fGVufDB8fHx8fA%3D%3D&auto=format&fit=crop&w=1170&q=80', N'anh-san-pham', N'cad7b811-deb8-44a5-b48d-0eb7dfaa5d2e', CAST(N'2023-08-05T21:59:11.907' AS DateTime), 1)
INSERT [dbo].[ProductImages] ([Id], [ImageLink], [Alt], [ProductId], [CreatedDate], [Status]) VALUES (N'4237f359-fefa-40ef-88ca-3cbc748c8a19', N'https://images.unsplash.com/photo-1690264696696-95ce83c2a3ea?ixlib=rb-4.0.3&ixid=M3wxMjA3fDB8MHxwaG90by1wYWdlfHx8fGVufDB8fHx8fA%3D%3D&auto=format&fit=crop&w=1170&q=80', N'anh-san-pham', N'af7ee28e-cbac-4019-94b8-a4481a413707', CAST(N'2023-08-05T21:59:11.933' AS DateTime), 1)
INSERT [dbo].[ProductImages] ([Id], [ImageLink], [Alt], [ProductId], [CreatedDate], [Status]) VALUES (N'a756c71f-65fa-4854-8b40-3d9f8139c80e', N'https://images.unsplash.com/photo-1690264696696-95ce83c2a3ea?ixlib=rb-4.0.3&ixid=M3wxMjA3fDB8MHxwaG90by1wYWdlfHx8fGVufDB8fHx8fA%3D%3D&auto=format&fit=crop&w=1170&q=80', N'anh-san-pham', N'5dd5c919-59ab-4809-a3f6-9cc6cd72c53a', CAST(N'2023-08-05T21:59:11.930' AS DateTime), 1)
INSERT [dbo].[ProductImages] ([Id], [ImageLink], [Alt], [ProductId], [CreatedDate], [Status]) VALUES (N'83f13339-b2d3-4228-903f-3dad27e8e4a3', N'https://images.unsplash.com/photo-1690264696696-95ce83c2a3ea?ixlib=rb-4.0.3&ixid=M3wxMjA3fDB8MHxwaG90by1wYWdlfHx8fGVufDB8fHx8fA%3D%3D&auto=format&fit=crop&w=1170&q=80', N'anh-san-pham', N'60a883f7-3099-4454-9e34-252628810820', CAST(N'2023-08-05T21:59:11.907' AS DateTime), 1)
INSERT [dbo].[ProductImages] ([Id], [ImageLink], [Alt], [ProductId], [CreatedDate], [Status]) VALUES (N'e40952c1-0376-4cb0-af01-3dc92137b3d0', N'https://images.unsplash.com/photo-1690264696696-95ce83c2a3ea?ixlib=rb-4.0.3&ixid=M3wxMjA3fDB8MHxwaG90by1wYWdlfHx8fGVufDB8fHx8fA%3D%3D&auto=format&fit=crop&w=1170&q=80', N'anh-san-pham', N'9fdcab23-e39d-4e1c-a5be-41560aac5089', CAST(N'2023-08-05T21:59:11.913' AS DateTime), 1)
INSERT [dbo].[ProductImages] ([Id], [ImageLink], [Alt], [ProductId], [CreatedDate], [Status]) VALUES (N'edbc4c35-92c9-4d2e-af04-40ee5e09b388', N'https://images.unsplash.com/photo-1690264696696-95ce83c2a3ea?ixlib=rb-4.0.3&ixid=M3wxMjA3fDB8MHxwaG90by1wYWdlfHx8fGVufDB8fHx8fA%3D%3D&auto=format&fit=crop&w=1170&q=80', N'anh-san-pham', N'd63d0287-7650-4adc-84a0-78ff5a4b370b', CAST(N'2023-08-05T21:59:11.923' AS DateTime), 1)
INSERT [dbo].[ProductImages] ([Id], [ImageLink], [Alt], [ProductId], [CreatedDate], [Status]) VALUES (N'087f8db5-ad68-4d90-8623-4101cd70b201', N'https://images.unsplash.com/photo-1690264696696-95ce83c2a3ea?ixlib=rb-4.0.3&ixid=M3wxMjA3fDB8MHxwaG90by1wYWdlfHx8fGVufDB8fHx8fA%3D%3D&auto=format&fit=crop&w=1170&q=80', N'anh-san-pham', N'dd5d7b1a-b175-4425-94b2-57e92defdcd9', CAST(N'2023-08-05T21:59:11.917' AS DateTime), 1)
INSERT [dbo].[ProductImages] ([Id], [ImageLink], [Alt], [ProductId], [CreatedDate], [Status]) VALUES (N'd6411dec-a1d7-4085-807c-42867109888e', N'https://images.unsplash.com/photo-1690264696696-95ce83c2a3ea?ixlib=rb-4.0.3&ixid=M3wxMjA3fDB8MHxwaG90by1wYWdlfHx8fGVufDB8fHx8fA%3D%3D&auto=format&fit=crop&w=1170&q=80', N'anh-san-pham', N'a9b80856-4ada-4d74-aa08-647352ea5a4e', CAST(N'2023-08-05T21:59:11.920' AS DateTime), 1)
INSERT [dbo].[ProductImages] ([Id], [ImageLink], [Alt], [ProductId], [CreatedDate], [Status]) VALUES (N'5077e0e0-8722-4948-b76f-4541b6bc224c', N'https://localhost:7129/product-images/b3b26757-68cc-4ffc-a757-21f063fb5933-partner.jpg', N'4', N'917e9dd6-7b86-4447-9c9f-c88147e19138', CAST(N'2023-09-09T19:33:59.077' AS DateTime), 1)
INSERT [dbo].[ProductImages] ([Id], [ImageLink], [Alt], [ProductId], [CreatedDate], [Status]) VALUES (N'bba40bc8-6d09-4974-b8a5-46fb1015461c', N'https://images.unsplash.com/photo-1690264696696-95ce83c2a3ea?ixlib=rb-4.0.3&ixid=M3wxMjA3fDB8MHxwaG90by1wYWdlfHx8fGVufDB8fHx8fA%3D%3D&auto=format&fit=crop&w=1170&q=80', N'anh-san-pham', N'a400d571-d5bd-4e53-9d83-f57dd3a24f12', CAST(N'2023-08-05T21:59:11.947' AS DateTime), 1)
INSERT [dbo].[ProductImages] ([Id], [ImageLink], [Alt], [ProductId], [CreatedDate], [Status]) VALUES (N'781bfee5-97c2-45e0-8b17-490a1747b32d', N'https://images.unsplash.com/photo-1690264696696-95ce83c2a3ea?ixlib=rb-4.0.3&ixid=M3wxMjA3fDB8MHxwaG90by1wYWdlfHx8fGVufDB8fHx8fA%3D%3D&auto=format&fit=crop&w=1170&q=80', N'anh-san-pham', N'60a883f7-3099-4454-9e34-252628810820', CAST(N'2023-08-05T21:59:11.907' AS DateTime), 1)
INSERT [dbo].[ProductImages] ([Id], [ImageLink], [Alt], [ProductId], [CreatedDate], [Status]) VALUES (N'522d0ff4-3caf-4a0f-9a94-497d1a100a0e', N'https://images.unsplash.com/photo-1690264696696-95ce83c2a3ea?ixlib=rb-4.0.3&ixid=M3wxMjA3fDB8MHxwaG90by1wYWdlfHx8fGVufDB8fHx8fA%3D%3D&auto=format&fit=crop&w=1170&q=80', N'anh-san-pham', N'ca438baf-20d2-4293-a514-03dfe2c26ffa', CAST(N'2023-08-05T21:59:11.903' AS DateTime), 1)
INSERT [dbo].[ProductImages] ([Id], [ImageLink], [Alt], [ProductId], [CreatedDate], [Status]) VALUES (N'b1dad845-9570-4084-b0db-49aababcd83f', N'https://images.unsplash.com/photo-1690264696696-95ce83c2a3ea?ixlib=rb-4.0.3&ixid=M3wxMjA3fDB8MHxwaG90by1wYWdlfHx8fGVufDB8fHx8fA%3D%3D&auto=format&fit=crop&w=1170&q=80', N'anh-san-pham', N'956cf5cd-94bb-4f63-a5d1-f88c416deb2c', CAST(N'2023-08-05T21:59:11.947' AS DateTime), 1)
INSERT [dbo].[ProductImages] ([Id], [ImageLink], [Alt], [ProductId], [CreatedDate], [Status]) VALUES (N'040a64c5-a456-40db-b706-49eefb2d7da7', N'https://images.unsplash.com/photo-1690264696696-95ce83c2a3ea?ixlib=rb-4.0.3&ixid=M3wxMjA3fDB8MHxwaG90by1wYWdlfHx8fGVufDB8fHx8fA%3D%3D&auto=format&fit=crop&w=1170&q=80', N'anh-san-pham', N'af7ee28e-cbac-4019-94b8-a4481a413707', CAST(N'2023-08-05T21:59:11.933' AS DateTime), 1)
INSERT [dbo].[ProductImages] ([Id], [ImageLink], [Alt], [ProductId], [CreatedDate], [Status]) VALUES (N'49891768-9686-4e05-808f-4b687cb38815', N'https://images.unsplash.com/photo-1690264696696-95ce83c2a3ea?ixlib=rb-4.0.3&ixid=M3wxMjA3fDB8MHxwaG90by1wYWdlfHx8fGVufDB8fHx8fA%3D%3D&auto=format&fit=crop&w=1170&q=80', N'anh-san-pham', N'5f6449dc-840a-4914-85e7-eedbdc3da771', CAST(N'2023-08-05T21:59:11.943' AS DateTime), 1)
INSERT [dbo].[ProductImages] ([Id], [ImageLink], [Alt], [ProductId], [CreatedDate], [Status]) VALUES (N'1c10511a-b502-4061-8cad-4c008f6b6c5c', N'https://images.unsplash.com/photo-1690264696696-95ce83c2a3ea?ixlib=rb-4.0.3&ixid=M3wxMjA3fDB8MHxwaG90by1wYWdlfHx8fGVufDB8fHx8fA%3D%3D&auto=format&fit=crop&w=1170&q=80', N'anh-san-pham', N'e2b5f984-1ea5-41c9-a1c5-2e4adf1da03c', CAST(N'2023-08-05T21:59:11.910' AS DateTime), 1)
INSERT [dbo].[ProductImages] ([Id], [ImageLink], [Alt], [ProductId], [CreatedDate], [Status]) VALUES (N'afafc0f2-4d4d-43f0-8413-4ce5ea9e88cf', N'https://images.unsplash.com/photo-1690264696696-95ce83c2a3ea?ixlib=rb-4.0.3&ixid=M3wxMjA3fDB8MHxwaG90by1wYWdlfHx8fGVufDB8fHx8fA%3D%3D&auto=format&fit=crop&w=1170&q=80', N'anh-san-pham', N'b197b13b-a524-4a36-914f-6ef29c2d424f', CAST(N'2023-08-05T21:59:11.920' AS DateTime), 1)
INSERT [dbo].[ProductImages] ([Id], [ImageLink], [Alt], [ProductId], [CreatedDate], [Status]) VALUES (N'0afbdaf9-dc64-46c9-8823-4db7da47938c', N'https://images.unsplash.com/photo-1690264696696-95ce83c2a3ea?ixlib=rb-4.0.3&ixid=M3wxMjA3fDB8MHxwaG90by1wYWdlfHx8fGVufDB8fHx8fA%3D%3D&auto=format&fit=crop&w=1170&q=80', N'anh-san-pham', N'603a2f99-2d0d-4154-8c0d-d065a84f99a1', CAST(N'2023-08-05T21:59:11.940' AS DateTime), 1)
INSERT [dbo].[ProductImages] ([Id], [ImageLink], [Alt], [ProductId], [CreatedDate], [Status]) VALUES (N'461ac440-cbbf-4a8c-aec1-4e06f89febeb', N'https://images.unsplash.com/photo-1690264696696-95ce83c2a3ea?ixlib=rb-4.0.3&ixid=M3wxMjA3fDB8MHxwaG90by1wYWdlfHx8fGVufDB8fHx8fA%3D%3D&auto=format&fit=crop&w=1170&q=80', N'anh-san-pham', N'b9ce7afe-1e1b-4824-82f5-05c9f0be5636', CAST(N'2023-08-05T21:59:11.903' AS DateTime), 1)
INSERT [dbo].[ProductImages] ([Id], [ImageLink], [Alt], [ProductId], [CreatedDate], [Status]) VALUES (N'b44d401e-a0ed-461f-8dc3-4e3845461731', N'https://images.unsplash.com/photo-1690264696696-95ce83c2a3ea?ixlib=rb-4.0.3&ixid=M3wxMjA3fDB8MHxwaG90by1wYWdlfHx8fGVufDB8fHx8fA%3D%3D&auto=format&fit=crop&w=1170&q=80', N'anh-san-pham', N'16238d0e-c38c-4d87-9970-efe01fa83127', CAST(N'2023-08-05T21:59:11.943' AS DateTime), 1)
INSERT [dbo].[ProductImages] ([Id], [ImageLink], [Alt], [ProductId], [CreatedDate], [Status]) VALUES (N'60710dd5-949c-436e-a2f8-4ec9c5273dc8', N'https://images.unsplash.com/photo-1690264696696-95ce83c2a3ea?ixlib=rb-4.0.3&ixid=M3wxMjA3fDB8MHxwaG90by1wYWdlfHx8fGVufDB8fHx8fA%3D%3D&auto=format&fit=crop&w=1170&q=80', N'anh-san-pham', N'd63d0287-7650-4adc-84a0-78ff5a4b370b', CAST(N'2023-08-05T21:59:11.923' AS DateTime), 1)
INSERT [dbo].[ProductImages] ([Id], [ImageLink], [Alt], [ProductId], [CreatedDate], [Status]) VALUES (N'c5bfea6a-7281-4881-a19b-5068af972913', N'https://images.unsplash.com/photo-1690264696696-95ce83c2a3ea?ixlib=rb-4.0.3&ixid=M3wxMjA3fDB8MHxwaG90by1wYWdlfHx8fGVufDB8fHx8fA%3D%3D&auto=format&fit=crop&w=1170&q=80', N'anh-san-pham', N'b469bcd7-3806-4a07-a30b-c246d17372e6', CAST(N'2023-08-05T21:59:11.937' AS DateTime), 1)
INSERT [dbo].[ProductImages] ([Id], [ImageLink], [Alt], [ProductId], [CreatedDate], [Status]) VALUES (N'f1cd82dd-6220-4b67-895c-515a2ea8b5ba', N'https://images.unsplash.com/photo-1690264696696-95ce83c2a3ea?ixlib=rb-4.0.3&ixid=M3wxMjA3fDB8MHxwaG90by1wYWdlfHx8fGVufDB8fHx8fA%3D%3D&auto=format&fit=crop&w=1170&q=80', N'anh-san-pham', N'5e7406f2-1802-47d0-ad7a-224d0c4c5a15', CAST(N'2023-08-05T21:59:11.907' AS DateTime), 1)
INSERT [dbo].[ProductImages] ([Id], [ImageLink], [Alt], [ProductId], [CreatedDate], [Status]) VALUES (N'22d8fc50-567f-4ee2-bae8-51f4512685c2', N'https://images.unsplash.com/photo-1690264696696-95ce83c2a3ea?ixlib=rb-4.0.3&ixid=M3wxMjA3fDB8MHxwaG90by1wYWdlfHx8fGVufDB8fHx8fA%3D%3D&auto=format&fit=crop&w=1170&q=80', N'anh-san-pham', N'4534d0ba-1130-401f-8625-3e175c85a11f', CAST(N'2023-08-05T21:59:11.913' AS DateTime), 1)
INSERT [dbo].[ProductImages] ([Id], [ImageLink], [Alt], [ProductId], [CreatedDate], [Status]) VALUES (N'2fb8fe31-16d0-4611-ae8c-5408d50267ed', N'https://images.unsplash.com/photo-1690264696696-95ce83c2a3ea?ixlib=rb-4.0.3&ixid=M3wxMjA3fDB8MHxwaG90by1wYWdlfHx8fGVufDB8fHx8fA%3D%3D&auto=format&fit=crop&w=1170&q=80', N'anh-san-pham', N'6cd4e034-a98a-483f-9726-e9d26464155e', CAST(N'2023-08-05T21:59:11.943' AS DateTime), 1)
INSERT [dbo].[ProductImages] ([Id], [ImageLink], [Alt], [ProductId], [CreatedDate], [Status]) VALUES (N'c10fdcd1-7052-4c9d-94ea-5890da120b2e', N'https://images.unsplash.com/photo-1690264696696-95ce83c2a3ea?ixlib=rb-4.0.3&ixid=M3wxMjA3fDB8MHxwaG90by1wYWdlfHx8fGVufDB8fHx8fA%3D%3D&auto=format&fit=crop&w=1170&q=80', N'anh-san-pham', N'0aed0c79-8af9-4e65-99ce-1083a18f7329', CAST(N'2023-08-05T21:59:11.907' AS DateTime), 1)
INSERT [dbo].[ProductImages] ([Id], [ImageLink], [Alt], [ProductId], [CreatedDate], [Status]) VALUES (N'efa4e513-d8d3-4352-9cad-589accfbc9fc', N'https://images.unsplash.com/photo-1690264696696-95ce83c2a3ea?ixlib=rb-4.0.3&ixid=M3wxMjA3fDB8MHxwaG90by1wYWdlfHx8fGVufDB8fHx8fA%3D%3D&auto=format&fit=crop&w=1170&q=80', N'anh-san-pham', N'978eb6af-e786-46bc-a70d-e1f17c7487dc', CAST(N'2023-08-05T21:59:11.940' AS DateTime), 1)
INSERT [dbo].[ProductImages] ([Id], [ImageLink], [Alt], [ProductId], [CreatedDate], [Status]) VALUES (N'0c34ffb7-31f0-44e7-9fe2-5a24db4f5f10', N'https://images.unsplash.com/photo-1690264696696-95ce83c2a3ea?ixlib=rb-4.0.3&ixid=M3wxMjA3fDB8MHxwaG90by1wYWdlfHx8fGVufDB8fHx8fA%3D%3D&auto=format&fit=crop&w=1170&q=80', N'anh-san-pham', N'096dd0c8-b72a-4068-91aa-483e3f65cb7c', CAST(N'2023-08-05T21:59:11.913' AS DateTime), 1)
INSERT [dbo].[ProductImages] ([Id], [ImageLink], [Alt], [ProductId], [CreatedDate], [Status]) VALUES (N'4dff36f6-829b-4e75-922f-5a5cccd32684', N'https://images.unsplash.com/photo-1690264696696-95ce83c2a3ea?ixlib=rb-4.0.3&ixid=M3wxMjA3fDB8MHxwaG90by1wYWdlfHx8fGVufDB8fHx8fA%3D%3D&auto=format&fit=crop&w=1170&q=80', N'anh-san-pham', N'f2d3d554-134b-4652-b07c-a24a8c403f9b', CAST(N'2023-08-05T21:59:11.933' AS DateTime), 1)
INSERT [dbo].[ProductImages] ([Id], [ImageLink], [Alt], [ProductId], [CreatedDate], [Status]) VALUES (N'6e8023ac-8bea-466f-9f1a-5adc4074d790', N'https://images.unsplash.com/photo-1690264696696-95ce83c2a3ea?ixlib=rb-4.0.3&ixid=M3wxMjA3fDB8MHxwaG90by1wYWdlfHx8fGVufDB8fHx8fA%3D%3D&auto=format&fit=crop&w=1170&q=80', N'anh-san-pham', N'1db19979-38ba-4b80-b137-4227db73c708', CAST(N'2023-08-05T21:59:11.913' AS DateTime), 1)
INSERT [dbo].[ProductImages] ([Id], [ImageLink], [Alt], [ProductId], [CreatedDate], [Status]) VALUES (N'a5f66969-f53d-4f0c-b69c-5b1427285ef6', N'https://images.unsplash.com/photo-1690264696696-95ce83c2a3ea?ixlib=rb-4.0.3&ixid=M3wxMjA3fDB8MHxwaG90by1wYWdlfHx8fGVufDB8fHx8fA%3D%3D&auto=format&fit=crop&w=1170&q=80', N'anh-san-pham', N'cad7b811-deb8-44a5-b48d-0eb7dfaa5d2e', CAST(N'2023-08-05T21:59:11.907' AS DateTime), 1)
INSERT [dbo].[ProductImages] ([Id], [ImageLink], [Alt], [ProductId], [CreatedDate], [Status]) VALUES (N'deac889d-8f0c-4502-86db-5ba050e3eddc', N'https://images.unsplash.com/photo-1690264696696-95ce83c2a3ea?ixlib=rb-4.0.3&ixid=M3wxMjA3fDB8MHxwaG90by1wYWdlfHx8fGVufDB8fHx8fA%3D%3D&auto=format&fit=crop&w=1170&q=80', N'anh-san-pham', N'199b24a3-a283-44f8-8618-005cdd4747f2', CAST(N'2023-08-05T21:59:11.900' AS DateTime), 1)
INSERT [dbo].[ProductImages] ([Id], [ImageLink], [Alt], [ProductId], [CreatedDate], [Status]) VALUES (N'81b7275b-7b89-4ed7-a070-5cb6265afbf7', N'https://images.unsplash.com/photo-1690264696696-95ce83c2a3ea?ixlib=rb-4.0.3&ixid=M3wxMjA3fDB8MHxwaG90by1wYWdlfHx8fGVufDB8fHx8fA%3D%3D&auto=format&fit=crop&w=1170&q=80', N'anh-san-pham', N'aedba97c-f055-4445-bbb3-a4698a5d3bc5', CAST(N'2023-08-05T21:59:11.937' AS DateTime), 1)
INSERT [dbo].[ProductImages] ([Id], [ImageLink], [Alt], [ProductId], [CreatedDate], [Status]) VALUES (N'bd01c35e-8a7f-4747-a987-5d72212581ac', N'https://images.unsplash.com/photo-1690264696696-95ce83c2a3ea?ixlib=rb-4.0.3&ixid=M3wxMjA3fDB8MHxwaG90by1wYWdlfHx8fGVufDB8fHx8fA%3D%3D&auto=format&fit=crop&w=1170&q=80', N'anh-san-pham', N'4b8bd7ed-3b46-4aa9-ad3e-9ded14590cb4', CAST(N'2023-08-05T21:59:11.930' AS DateTime), 1)
INSERT [dbo].[ProductImages] ([Id], [ImageLink], [Alt], [ProductId], [CreatedDate], [Status]) VALUES (N'5f5457e4-35c9-4409-941d-5d950973c133', N'https://images.unsplash.com/photo-1690264696696-95ce83c2a3ea?ixlib=rb-4.0.3&ixid=M3wxMjA3fDB8MHxwaG90by1wYWdlfHx8fGVufDB8fHx8fA%3D%3D&auto=format&fit=crop&w=1170&q=80', N'anh-san-pham', N'5e307d3b-c9d0-4700-b92d-5f8cf8321498', CAST(N'2023-08-05T21:59:11.920' AS DateTime), 1)
INSERT [dbo].[ProductImages] ([Id], [ImageLink], [Alt], [ProductId], [CreatedDate], [Status]) VALUES (N'c97b9726-25cf-4718-aef4-5e5d9a3657d5', N'https://images.unsplash.com/photo-1690264696696-95ce83c2a3ea?ixlib=rb-4.0.3&ixid=M3wxMjA3fDB8MHxwaG90by1wYWdlfHx8fGVufDB8fHx8fA%3D%3D&auto=format&fit=crop&w=1170&q=80', N'anh-san-pham', N'594d63b7-0c9a-4324-b5c2-47ec462b65bd', CAST(N'2023-08-05T21:59:11.913' AS DateTime), 1)
INSERT [dbo].[ProductImages] ([Id], [ImageLink], [Alt], [ProductId], [CreatedDate], [Status]) VALUES (N'8ee07197-4470-4ba9-9ca0-6120a4187346', N'https://images.unsplash.com/photo-1690264696696-95ce83c2a3ea?ixlib=rb-4.0.3&ixid=M3wxMjA3fDB8MHxwaG90by1wYWdlfHx8fGVufDB8fHx8fA%3D%3D&auto=format&fit=crop&w=1170&q=80', N'anh-san-pham', N'ca438baf-20d2-4293-a514-03dfe2c26ffa', CAST(N'2023-08-05T21:59:11.903' AS DateTime), 1)
INSERT [dbo].[ProductImages] ([Id], [ImageLink], [Alt], [ProductId], [CreatedDate], [Status]) VALUES (N'38544468-f032-42d0-892d-624887cafb4e', N'https://images.unsplash.com/photo-1690264696696-95ce83c2a3ea?ixlib=rb-4.0.3&ixid=M3wxMjA3fDB8MHxwaG90by1wYWdlfHx8fGVufDB8fHx8fA%3D%3D&auto=format&fit=crop&w=1170&q=80', N'anh-san-pham', N'6fcffdc5-61c7-4fe9-8a51-717756dfc01f', CAST(N'2023-08-05T21:59:11.920' AS DateTime), 1)
INSERT [dbo].[ProductImages] ([Id], [ImageLink], [Alt], [ProductId], [CreatedDate], [Status]) VALUES (N'e0f4dbf1-f36c-43ee-8754-6258a58ee5b2', N'https://images.unsplash.com/photo-1690264696696-95ce83c2a3ea?ixlib=rb-4.0.3&ixid=M3wxMjA3fDB8MHxwaG90by1wYWdlfHx8fGVufDB8fHx8fA%3D%3D&auto=format&fit=crop&w=1170&q=80', N'anh-san-pham', N'8a898f95-de01-465f-8683-3ae493ada221', CAST(N'2023-08-05T21:59:11.910' AS DateTime), 1)
INSERT [dbo].[ProductImages] ([Id], [ImageLink], [Alt], [ProductId], [CreatedDate], [Status]) VALUES (N'f4ddd422-a43a-401c-93da-62bfd9b8b92d', N'https://images.unsplash.com/photo-1690264696696-95ce83c2a3ea?ixlib=rb-4.0.3&ixid=M3wxMjA3fDB8MHxwaG90by1wYWdlfHx8fGVufDB8fHx8fA%3D%3D&auto=format&fit=crop&w=1170&q=80', N'anh-san-pham', N'956cf5cd-94bb-4f63-a5d1-f88c416deb2c', CAST(N'2023-08-05T21:59:11.947' AS DateTime), 1)
INSERT [dbo].[ProductImages] ([Id], [ImageLink], [Alt], [ProductId], [CreatedDate], [Status]) VALUES (N'97196669-0ea9-4e14-894c-63a0ba87f99d', N'https://images.unsplash.com/photo-1690264696696-95ce83c2a3ea?ixlib=rb-4.0.3&ixid=M3wxMjA3fDB8MHxwaG90by1wYWdlfHx8fGVufDB8fHx8fA%3D%3D&auto=format&fit=crop&w=1170&q=80', N'anh-san-pham', N'096dd0c8-b72a-4068-91aa-483e3f65cb7c', CAST(N'2023-08-05T21:59:11.917' AS DateTime), 1)
INSERT [dbo].[ProductImages] ([Id], [ImageLink], [Alt], [ProductId], [CreatedDate], [Status]) VALUES (N'353e0c0e-44b3-4cea-9b50-63bfa8334818', N'https://images.unsplash.com/photo-1690264696696-95ce83c2a3ea?ixlib=rb-4.0.3&ixid=M3wxMjA3fDB8MHxwaG90by1wYWdlfHx8fGVufDB8fHx8fA%3D%3D&auto=format&fit=crop&w=1170&q=80', N'anh-san-pham', N'4b8bd7ed-3b46-4aa9-ad3e-9ded14590cb4', CAST(N'2023-08-05T21:59:11.930' AS DateTime), 1)
INSERT [dbo].[ProductImages] ([Id], [ImageLink], [Alt], [ProductId], [CreatedDate], [Status]) VALUES (N'7506a78e-3877-4ae4-9a6b-64aa27228c58', N'https://images.unsplash.com/photo-1690264696696-95ce83c2a3ea?ixlib=rb-4.0.3&ixid=M3wxMjA3fDB8MHxwaG90by1wYWdlfHx8fGVufDB8fHx8fA%3D%3D&auto=format&fit=crop&w=1170&q=80', N'anh-san-pham', N'cb18cd40-4690-4d99-83d1-2aa3752cd61b', CAST(N'2023-08-05T21:59:11.910' AS DateTime), 1)
INSERT [dbo].[ProductImages] ([Id], [ImageLink], [Alt], [ProductId], [CreatedDate], [Status]) VALUES (N'547eaba7-9913-4ef1-a5c8-651a8db363c3', N'https://images.unsplash.com/photo-1690264696696-95ce83c2a3ea?ixlib=rb-4.0.3&ixid=M3wxMjA3fDB8MHxwaG90by1wYWdlfHx8fGVufDB8fHx8fA%3D%3D&auto=format&fit=crop&w=1170&q=80', N'anh-san-pham', N'181101d3-1495-4811-ac15-1a62d70e1369', CAST(N'2023-08-05T21:59:11.907' AS DateTime), 1)
INSERT [dbo].[ProductImages] ([Id], [ImageLink], [Alt], [ProductId], [CreatedDate], [Status]) VALUES (N'1cca0f3b-91b8-4318-abad-672da52573c9', N'https://images.unsplash.com/photo-1690264696696-95ce83c2a3ea?ixlib=rb-4.0.3&ixid=M3wxMjA3fDB8MHxwaG90by1wYWdlfHx8fGVufDB8fHx8fA%3D%3D&auto=format&fit=crop&w=1170&q=80', N'anh-san-pham', N'a2d4bad7-7e05-4906-823c-a439a26aa737', CAST(N'2023-08-05T21:59:11.933' AS DateTime), 1)
INSERT [dbo].[ProductImages] ([Id], [ImageLink], [Alt], [ProductId], [CreatedDate], [Status]) VALUES (N'fb553371-3f86-41d4-ba9a-68f543a004b8', N'https://images.unsplash.com/photo-1690264696696-95ce83c2a3ea?ixlib=rb-4.0.3&ixid=M3wxMjA3fDB8MHxwaG90by1wYWdlfHx8fGVufDB8fHx8fA%3D%3D&auto=format&fit=crop&w=1170&q=80', N'anh-san-pham', N'5e307d3b-c9d0-4700-b92d-5f8cf8321498', CAST(N'2023-08-05T21:59:11.920' AS DateTime), 1)
GO
INSERT [dbo].[ProductImages] ([Id], [ImageLink], [Alt], [ProductId], [CreatedDate], [Status]) VALUES (N'b00d5986-56bd-4dc5-aa1e-6b7a55a650ec', N'https://images.unsplash.com/photo-1690264696696-95ce83c2a3ea?ixlib=rb-4.0.3&ixid=M3wxMjA3fDB8MHxwaG90by1wYWdlfHx8fGVufDB8fHx8fA%3D%3D&auto=format&fit=crop&w=1170&q=80', N'anh-san-pham', N'5e307d3b-c9d0-4700-b92d-5f8cf8321498', CAST(N'2023-08-05T21:59:11.920' AS DateTime), 1)
INSERT [dbo].[ProductImages] ([Id], [ImageLink], [Alt], [ProductId], [CreatedDate], [Status]) VALUES (N'bc915ee5-de74-4459-86a9-6beae9e0f771', N'https://images.unsplash.com/photo-1690264696696-95ce83c2a3ea?ixlib=rb-4.0.3&ixid=M3wxMjA3fDB8MHxwaG90by1wYWdlfHx8fGVufDB8fHx8fA%3D%3D&auto=format&fit=crop&w=1170&q=80', N'anh-san-pham', N'918f87bb-4926-4549-ad44-8f5b21712d24', CAST(N'2023-08-05T21:59:11.927' AS DateTime), 1)
INSERT [dbo].[ProductImages] ([Id], [ImageLink], [Alt], [ProductId], [CreatedDate], [Status]) VALUES (N'45c7a3e9-4ce4-4bc5-bf66-6d8817e32b47', N'https://images.unsplash.com/photo-1690264696696-95ce83c2a3ea?ixlib=rb-4.0.3&ixid=M3wxMjA3fDB8MHxwaG90by1wYWdlfHx8fGVufDB8fHx8fA%3D%3D&auto=format&fit=crop&w=1170&q=80', N'anh-san-pham', N'9af68d5d-dc5a-4ea9-8c33-9cf80142dd40', CAST(N'2023-08-05T21:59:11.930' AS DateTime), 1)
INSERT [dbo].[ProductImages] ([Id], [ImageLink], [Alt], [ProductId], [CreatedDate], [Status]) VALUES (N'1e364ea1-0d2e-4caf-99b0-6deca248c581', N'https://images.unsplash.com/photo-1690264696696-95ce83c2a3ea?ixlib=rb-4.0.3&ixid=M3wxMjA3fDB8MHxwaG90by1wYWdlfHx8fGVufDB8fHx8fA%3D%3D&auto=format&fit=crop&w=1170&q=80', N'anh-san-pham', N'6cd4e034-a98a-483f-9726-e9d26464155e', CAST(N'2023-08-05T21:59:11.943' AS DateTime), 1)
INSERT [dbo].[ProductImages] ([Id], [ImageLink], [Alt], [ProductId], [CreatedDate], [Status]) VALUES (N'69f12b7f-41f8-48e9-83e8-6f5adb57cf8c', N'https://images.unsplash.com/photo-1690264696696-95ce83c2a3ea?ixlib=rb-4.0.3&ixid=M3wxMjA3fDB8MHxwaG90by1wYWdlfHx8fGVufDB8fHx8fA%3D%3D&auto=format&fit=crop&w=1170&q=80', N'anh-san-pham', N'3910ddf7-32bc-4db0-bf5d-d8c33f3e5a84', CAST(N'2023-08-05T21:59:11.940' AS DateTime), 1)
INSERT [dbo].[ProductImages] ([Id], [ImageLink], [Alt], [ProductId], [CreatedDate], [Status]) VALUES (N'2d27088b-a5bb-4f33-9ed0-70737a07e06b', N'https://images.unsplash.com/photo-1690264696696-95ce83c2a3ea?ixlib=rb-4.0.3&ixid=M3wxMjA3fDB8MHxwaG90by1wYWdlfHx8fGVufDB8fHx8fA%3D%3D&auto=format&fit=crop&w=1170&q=80', N'anh-san-pham', N'199b24a3-a283-44f8-8618-005cdd4747f2', CAST(N'2023-08-05T21:59:11.900' AS DateTime), 1)
INSERT [dbo].[ProductImages] ([Id], [ImageLink], [Alt], [ProductId], [CreatedDate], [Status]) VALUES (N'95191595-09f0-4bcf-888f-73767ab841ef', N'https://images.unsplash.com/photo-1690264696696-95ce83c2a3ea?ixlib=rb-4.0.3&ixid=M3wxMjA3fDB8MHxwaG90by1wYWdlfHx8fGVufDB8fHx8fA%3D%3D&auto=format&fit=crop&w=1170&q=80', N'anh-san-pham', N'978eb6af-e786-46bc-a70d-e1f17c7487dc', CAST(N'2023-08-05T21:59:11.940' AS DateTime), 1)
INSERT [dbo].[ProductImages] ([Id], [ImageLink], [Alt], [ProductId], [CreatedDate], [Status]) VALUES (N'78249c68-1981-4a4b-9775-77520c85cee4', N'https://images.unsplash.com/photo-1690264696696-95ce83c2a3ea?ixlib=rb-4.0.3&ixid=M3wxMjA3fDB8MHxwaG90by1wYWdlfHx8fGVufDB8fHx8fA%3D%3D&auto=format&fit=crop&w=1170&q=80', N'anh-san-pham', N'b469bcd7-3806-4a07-a30b-c246d17372e6', CAST(N'2023-08-05T21:59:11.937' AS DateTime), 1)
INSERT [dbo].[ProductImages] ([Id], [ImageLink], [Alt], [ProductId], [CreatedDate], [Status]) VALUES (N'fce0e44e-0795-4ad4-a627-78b8a1562049', N'https://images.unsplash.com/photo-1690264696696-95ce83c2a3ea?ixlib=rb-4.0.3&ixid=M3wxMjA3fDB8MHxwaG90by1wYWdlfHx8fGVufDB8fHx8fA%3D%3D&auto=format&fit=crop&w=1170&q=80', N'anh-san-pham', N'3910ddf7-32bc-4db0-bf5d-d8c33f3e5a84', CAST(N'2023-08-05T21:59:11.940' AS DateTime), 1)
INSERT [dbo].[ProductImages] ([Id], [ImageLink], [Alt], [ProductId], [CreatedDate], [Status]) VALUES (N'f6e75346-9d94-43f0-899e-7aec1ba66e69', N'https://images.unsplash.com/photo-1690264696696-95ce83c2a3ea?ixlib=rb-4.0.3&ixid=M3wxMjA3fDB8MHxwaG90by1wYWdlfHx8fGVufDB8fHx8fA%3D%3D&auto=format&fit=crop&w=1170&q=80', N'anh-san-pham', N'ccea15ca-8380-4d70-b968-53298e75461d', CAST(N'2023-08-05T21:59:11.917' AS DateTime), 1)
INSERT [dbo].[ProductImages] ([Id], [ImageLink], [Alt], [ProductId], [CreatedDate], [Status]) VALUES (N'ca3d48cb-2e92-428c-b43f-7b5d6dd91891', N'https://images.unsplash.com/photo-1690264696696-95ce83c2a3ea?ixlib=rb-4.0.3&ixid=M3wxMjA3fDB8MHxwaG90by1wYWdlfHx8fGVufDB8fHx8fA%3D%3D&auto=format&fit=crop&w=1170&q=80', N'anh-san-pham', N'b85a946a-8784-45c3-a9cf-867efc352a41', CAST(N'2023-08-05T21:59:11.923' AS DateTime), 1)
INSERT [dbo].[ProductImages] ([Id], [ImageLink], [Alt], [ProductId], [CreatedDate], [Status]) VALUES (N'f72576a1-f55c-45a8-b056-7d02b5ecf507', N'https://images.unsplash.com/photo-1690264696696-95ce83c2a3ea?ixlib=rb-4.0.3&ixid=M3wxMjA3fDB8MHxwaG90by1wYWdlfHx8fGVufDB8fHx8fA%3D%3D&auto=format&fit=crop&w=1170&q=80', N'anh-san-pham', N'9af68d5d-dc5a-4ea9-8c33-9cf80142dd40', CAST(N'2023-08-05T21:59:11.930' AS DateTime), 1)
INSERT [dbo].[ProductImages] ([Id], [ImageLink], [Alt], [ProductId], [CreatedDate], [Status]) VALUES (N'5bb013f3-d7c9-4d4f-845e-7dfd1ed52166', N'https://images.unsplash.com/photo-1690264696696-95ce83c2a3ea?ixlib=rb-4.0.3&ixid=M3wxMjA3fDB8MHxwaG90by1wYWdlfHx8fGVufDB8fHx8fA%3D%3D&auto=format&fit=crop&w=1170&q=80', N'anh-san-pham', N'3af7e753-6aa6-4d62-8636-4aff254d7086', CAST(N'2023-08-05T21:59:11.917' AS DateTime), 1)
INSERT [dbo].[ProductImages] ([Id], [ImageLink], [Alt], [ProductId], [CreatedDate], [Status]) VALUES (N'74938791-d937-49fa-8257-7eaf3359af8b', N'https://images.unsplash.com/photo-1690264696696-95ce83c2a3ea?ixlib=rb-4.0.3&ixid=M3wxMjA3fDB8MHxwaG90by1wYWdlfHx8fGVufDB8fHx8fA%3D%3D&auto=format&fit=crop&w=1170&q=80', N'anh-san-pham', N'3f2a6a41-2c80-4d87-8568-78a4a67eee80', CAST(N'2023-08-05T21:59:11.923' AS DateTime), 1)
INSERT [dbo].[ProductImages] ([Id], [ImageLink], [Alt], [ProductId], [CreatedDate], [Status]) VALUES (N'4595e0e9-68a2-4e59-b450-81192df96299', N'https://images.unsplash.com/photo-1690264696696-95ce83c2a3ea?ixlib=rb-4.0.3&ixid=M3wxMjA3fDB8MHxwaG90by1wYWdlfHx8fGVufDB8fHx8fA%3D%3D&auto=format&fit=crop&w=1170&q=80', N'anh-san-pham', N'a2d4bad7-7e05-4906-823c-a439a26aa737', CAST(N'2023-08-05T21:59:11.933' AS DateTime), 1)
INSERT [dbo].[ProductImages] ([Id], [ImageLink], [Alt], [ProductId], [CreatedDate], [Status]) VALUES (N'819758bd-a99f-4760-93d4-81d77b0ff66e', N'https://images.unsplash.com/photo-1690264696696-95ce83c2a3ea?ixlib=rb-4.0.3&ixid=M3wxMjA3fDB8MHxwaG90by1wYWdlfHx8fGVufDB8fHx8fA%3D%3D&auto=format&fit=crop&w=1170&q=80', N'anh-san-pham', N'b197b13b-a524-4a36-914f-6ef29c2d424f', CAST(N'2023-08-05T21:59:11.920' AS DateTime), 1)
INSERT [dbo].[ProductImages] ([Id], [ImageLink], [Alt], [ProductId], [CreatedDate], [Status]) VALUES (N'd77ce9c1-4b76-4082-9b8d-834d9e368573', N'https://images.unsplash.com/photo-1690264696696-95ce83c2a3ea?ixlib=rb-4.0.3&ixid=M3wxMjA3fDB8MHxwaG90by1wYWdlfHx8fGVufDB8fHx8fA%3D%3D&auto=format&fit=crop&w=1170&q=80', N'anh-san-pham', N'c9ba4ec5-e52b-4179-9735-c7ec96fd2e1d', CAST(N'2023-08-05T21:59:11.940' AS DateTime), 1)
INSERT [dbo].[ProductImages] ([Id], [ImageLink], [Alt], [ProductId], [CreatedDate], [Status]) VALUES (N'53658f05-2b68-4a12-9996-842664b540f6', N'https://images.unsplash.com/photo-1690264696696-95ce83c2a3ea?ixlib=rb-4.0.3&ixid=M3wxMjA3fDB8MHxwaG90by1wYWdlfHx8fGVufDB8fHx8fA%3D%3D&auto=format&fit=crop&w=1170&q=80', N'anh-san-pham', N'a400d571-d5bd-4e53-9d83-f57dd3a24f12', CAST(N'2023-08-05T21:59:11.947' AS DateTime), 1)
INSERT [dbo].[ProductImages] ([Id], [ImageLink], [Alt], [ProductId], [CreatedDate], [Status]) VALUES (N'bb96a4a1-9848-4d7e-8706-85c48d7cbb15', N'https://images.unsplash.com/photo-1690264696696-95ce83c2a3ea?ixlib=rb-4.0.3&ixid=M3wxMjA3fDB8MHxwaG90by1wYWdlfHx8fGVufDB8fHx8fA%3D%3D&auto=format&fit=crop&w=1170&q=80', N'anh-san-pham', N'57bb4f67-74c7-4736-b99c-95d8b6ce5251', CAST(N'2023-08-05T21:59:11.930' AS DateTime), 1)
INSERT [dbo].[ProductImages] ([Id], [ImageLink], [Alt], [ProductId], [CreatedDate], [Status]) VALUES (N'd55c2f70-6c44-4656-9f6a-884a86d1af14', N'https://images.unsplash.com/photo-1690264696696-95ce83c2a3ea?ixlib=rb-4.0.3&ixid=M3wxMjA3fDB8MHxwaG90by1wYWdlfHx8fGVufDB8fHx8fA%3D%3D&auto=format&fit=crop&w=1170&q=80', N'anh-san-pham', N'fc34594b-3dd1-49b3-85da-a9c3d236d8e3', CAST(N'2023-08-05T21:59:11.937' AS DateTime), 1)
INSERT [dbo].[ProductImages] ([Id], [ImageLink], [Alt], [ProductId], [CreatedDate], [Status]) VALUES (N'351d8ae7-e786-494f-8c5e-8a63e05c52f1', N'https://images.unsplash.com/photo-1690264696696-95ce83c2a3ea?ixlib=rb-4.0.3&ixid=M3wxMjA3fDB8MHxwaG90by1wYWdlfHx8fGVufDB8fHx8fA%3D%3D&auto=format&fit=crop&w=1170&q=80', N'anh-san-pham', N'a2d4bad7-7e05-4906-823c-a439a26aa737', CAST(N'2023-08-05T21:59:11.933' AS DateTime), 1)
INSERT [dbo].[ProductImages] ([Id], [ImageLink], [Alt], [ProductId], [CreatedDate], [Status]) VALUES (N'7222bec9-c46c-4eb6-bb7d-8dff2a064a7a', N'https://images.unsplash.com/photo-1690264696696-95ce83c2a3ea?ixlib=rb-4.0.3&ixid=M3wxMjA3fDB8MHxwaG90by1wYWdlfHx8fGVufDB8fHx8fA%3D%3D&auto=format&fit=crop&w=1170&q=80', N'anh-san-pham', N'525d19c1-c217-4ac2-a261-9217c2c6d032', CAST(N'2023-08-05T21:59:11.930' AS DateTime), 1)
INSERT [dbo].[ProductImages] ([Id], [ImageLink], [Alt], [ProductId], [CreatedDate], [Status]) VALUES (N'a4272af9-a99f-4a00-a6cc-8fea3f662a1e', N'https://images.unsplash.com/photo-1690264696696-95ce83c2a3ea?ixlib=rb-4.0.3&ixid=M3wxMjA3fDB8MHxwaG90by1wYWdlfHx8fGVufDB8fHx8fA%3D%3D&auto=format&fit=crop&w=1170&q=80', N'anh-san-pham', N'd63d0287-7650-4adc-84a0-78ff5a4b370b', CAST(N'2023-08-05T21:59:11.923' AS DateTime), 1)
INSERT [dbo].[ProductImages] ([Id], [ImageLink], [Alt], [ProductId], [CreatedDate], [Status]) VALUES (N'862283e4-902b-4776-b5d4-90be14fc5950', N'https://images.unsplash.com/photo-1690264696696-95ce83c2a3ea?ixlib=rb-4.0.3&ixid=M3wxMjA3fDB8MHxwaG90by1wYWdlfHx8fGVufDB8fHx8fA%3D%3D&auto=format&fit=crop&w=1170&q=80', N'anh-san-pham', N'a400d571-d5bd-4e53-9d83-f57dd3a24f12', CAST(N'2023-08-05T21:59:11.947' AS DateTime), 1)
INSERT [dbo].[ProductImages] ([Id], [ImageLink], [Alt], [ProductId], [CreatedDate], [Status]) VALUES (N'3ffd0d06-b495-4507-9f72-90fb85d363b9', N'https://images.unsplash.com/photo-1690264696696-95ce83c2a3ea?ixlib=rb-4.0.3&ixid=M3wxMjA3fDB8MHxwaG90by1wYWdlfHx8fGVufDB8fHx8fA%3D%3D&auto=format&fit=crop&w=1170&q=80', N'anh-san-pham', N'c9ba4ec5-e52b-4179-9735-c7ec96fd2e1d', CAST(N'2023-08-05T21:59:11.940' AS DateTime), 1)
INSERT [dbo].[ProductImages] ([Id], [ImageLink], [Alt], [ProductId], [CreatedDate], [Status]) VALUES (N'7e955ff6-21f6-4b4a-8415-9172d354ffb9', N'https://images.unsplash.com/photo-1690264696696-95ce83c2a3ea?ixlib=rb-4.0.3&ixid=M3wxMjA3fDB8MHxwaG90by1wYWdlfHx8fGVufDB8fHx8fA%3D%3D&auto=format&fit=crop&w=1170&q=80', N'anh-san-pham', N'6cd4e034-a98a-483f-9726-e9d26464155e', CAST(N'2023-08-05T21:59:11.940' AS DateTime), 1)
INSERT [dbo].[ProductImages] ([Id], [ImageLink], [Alt], [ProductId], [CreatedDate], [Status]) VALUES (N'd6106d03-d75c-41a3-92aa-932f2ba2a2c5', N'https://images.unsplash.com/photo-1690264696696-95ce83c2a3ea?ixlib=rb-4.0.3&ixid=M3wxMjA3fDB8MHxwaG90by1wYWdlfHx8fGVufDB8fHx8fA%3D%3D&auto=format&fit=crop&w=1170&q=80', N'anh-san-pham', N'a0fbd080-efc9-436a-82f2-fd52a803cdea', CAST(N'2023-08-05T21:59:11.947' AS DateTime), 1)
INSERT [dbo].[ProductImages] ([Id], [ImageLink], [Alt], [ProductId], [CreatedDate], [Status]) VALUES (N'eb10dbdf-3ff4-4226-b006-94458218dad5', N'https://images.unsplash.com/photo-1690264696696-95ce83c2a3ea?ixlib=rb-4.0.3&ixid=M3wxMjA3fDB8MHxwaG90by1wYWdlfHx8fGVufDB8fHx8fA%3D%3D&auto=format&fit=crop&w=1170&q=80', N'anh-san-pham', N'8a898f95-de01-465f-8683-3ae493ada221', CAST(N'2023-08-05T21:59:11.910' AS DateTime), 1)
INSERT [dbo].[ProductImages] ([Id], [ImageLink], [Alt], [ProductId], [CreatedDate], [Status]) VALUES (N'571a2ac0-d0c7-4452-9b6a-951d42006794', N'https://images.unsplash.com/photo-1690264696696-95ce83c2a3ea?ixlib=rb-4.0.3&ixid=M3wxMjA3fDB8MHxwaG90by1wYWdlfHx8fGVufDB8fHx8fA%3D%3D&auto=format&fit=crop&w=1170&q=80', N'anh-san-pham', N'13686bb3-ed3d-428f-967e-3d0a882e7d0e', CAST(N'2023-08-05T21:59:11.910' AS DateTime), 1)
INSERT [dbo].[ProductImages] ([Id], [ImageLink], [Alt], [ProductId], [CreatedDate], [Status]) VALUES (N'cdb71a49-86cd-4755-8a75-96bd562f9bbe', N'https://images.unsplash.com/photo-1690264696696-95ce83c2a3ea?ixlib=rb-4.0.3&ixid=M3wxMjA3fDB8MHxwaG90by1wYWdlfHx8fGVufDB8fHx8fA%3D%3D&auto=format&fit=crop&w=1170&q=80', N'anh-san-pham', N'dd5d7b1a-b175-4425-94b2-57e92defdcd9', CAST(N'2023-08-05T21:59:11.917' AS DateTime), 1)
INSERT [dbo].[ProductImages] ([Id], [ImageLink], [Alt], [ProductId], [CreatedDate], [Status]) VALUES (N'6a4f9e32-26e8-41fe-9f9c-971469bfa185', N'https://images.unsplash.com/photo-1690264696696-95ce83c2a3ea?ixlib=rb-4.0.3&ixid=M3wxMjA3fDB8MHxwaG90by1wYWdlfHx8fGVufDB8fHx8fA%3D%3D&auto=format&fit=crop&w=1170&q=80', N'anh-san-pham', N'4b8bd7ed-3b46-4aa9-ad3e-9ded14590cb4', CAST(N'2023-08-05T21:59:11.933' AS DateTime), 1)
INSERT [dbo].[ProductImages] ([Id], [ImageLink], [Alt], [ProductId], [CreatedDate], [Status]) VALUES (N'5f6d42b3-a818-4fde-9ab6-9871de46b0c1', N'https://images.unsplash.com/photo-1690264696696-95ce83c2a3ea?ixlib=rb-4.0.3&ixid=M3wxMjA3fDB8MHxwaG90by1wYWdlfHx8fGVufDB8fHx8fA%3D%3D&auto=format&fit=crop&w=1170&q=80', N'anh-san-pham', N'199b24a3-a283-44f8-8618-005cdd4747f2', CAST(N'2023-08-05T21:59:11.900' AS DateTime), 1)
INSERT [dbo].[ProductImages] ([Id], [ImageLink], [Alt], [ProductId], [CreatedDate], [Status]) VALUES (N'f53cc265-e1a9-4aec-bc56-989c340267c5', N'https://images.unsplash.com/photo-1690264696696-95ce83c2a3ea?ixlib=rb-4.0.3&ixid=M3wxMjA3fDB8MHxwaG90by1wYWdlfHx8fGVufDB8fHx8fA%3D%3D&auto=format&fit=crop&w=1170&q=80', N'anh-san-pham', N'525d19c1-c217-4ac2-a261-9217c2c6d032', CAST(N'2023-08-05T21:59:11.927' AS DateTime), 1)
INSERT [dbo].[ProductImages] ([Id], [ImageLink], [Alt], [ProductId], [CreatedDate], [Status]) VALUES (N'dd87452b-1bd0-4f03-a8be-98fda0cc38d0', N'https://images.unsplash.com/photo-1690264696696-95ce83c2a3ea?ixlib=rb-4.0.3&ixid=M3wxMjA3fDB8MHxwaG90by1wYWdlfHx8fGVufDB8fHx8fA%3D%3D&auto=format&fit=crop&w=1170&q=80', N'anh-san-pham', N'41fa384c-e982-4b43-85d0-b419becbe36c', CAST(N'2023-08-05T21:59:11.937' AS DateTime), 1)
INSERT [dbo].[ProductImages] ([Id], [ImageLink], [Alt], [ProductId], [CreatedDate], [Status]) VALUES (N'f73c101a-8915-41bb-a7ee-9aa6f4854fe1', N'https://images.unsplash.com/photo-1690264696696-95ce83c2a3ea?ixlib=rb-4.0.3&ixid=M3wxMjA3fDB8MHxwaG90by1wYWdlfHx8fGVufDB8fHx8fA%3D%3D&auto=format&fit=crop&w=1170&q=80', N'anh-san-pham', N'ca438baf-20d2-4293-a514-03dfe2c26ffa', CAST(N'2023-08-05T21:59:11.903' AS DateTime), 1)
INSERT [dbo].[ProductImages] ([Id], [ImageLink], [Alt], [ProductId], [CreatedDate], [Status]) VALUES (N'53c81045-a50b-4da0-9098-9b08de4f9215', N'https://images.unsplash.com/photo-1690264696696-95ce83c2a3ea?ixlib=rb-4.0.3&ixid=M3wxMjA3fDB8MHxwaG90by1wYWdlfHx8fGVufDB8fHx8fA%3D%3D&auto=format&fit=crop&w=1170&q=80', N'anh-san-pham', N'3af7e753-6aa6-4d62-8636-4aff254d7086', CAST(N'2023-08-05T21:59:11.917' AS DateTime), 1)
INSERT [dbo].[ProductImages] ([Id], [ImageLink], [Alt], [ProductId], [CreatedDate], [Status]) VALUES (N'bcb45949-5ccf-4c01-a174-9b94563c4710', N'https://images.unsplash.com/photo-1690264696696-95ce83c2a3ea?ixlib=rb-4.0.3&ixid=M3wxMjA3fDB8MHxwaG90by1wYWdlfHx8fGVufDB8fHx8fA%3D%3D&auto=format&fit=crop&w=1170&q=80', N'anh-san-pham', N'edcc2613-f877-47ce-8718-956053d4b915', CAST(N'2023-08-05T21:59:11.930' AS DateTime), 1)
INSERT [dbo].[ProductImages] ([Id], [ImageLink], [Alt], [ProductId], [CreatedDate], [Status]) VALUES (N'f23b766f-6a48-479b-a1bd-9baba459c9f9', N'https://images.unsplash.com/photo-1690264696696-95ce83c2a3ea?ixlib=rb-4.0.3&ixid=M3wxMjA3fDB8MHxwaG90by1wYWdlfHx8fGVufDB8fHx8fA%3D%3D&auto=format&fit=crop&w=1170&q=80', N'anh-san-pham', N'b197b13b-a524-4a36-914f-6ef29c2d424f', CAST(N'2023-08-05T21:59:11.920' AS DateTime), 1)
INSERT [dbo].[ProductImages] ([Id], [ImageLink], [Alt], [ProductId], [CreatedDate], [Status]) VALUES (N'bb9bdb74-a1d0-4d73-97fd-9c592a91d5c1', N'https://images.unsplash.com/photo-1690264696696-95ce83c2a3ea?ixlib=rb-4.0.3&ixid=M3wxMjA3fDB8MHxwaG90by1wYWdlfHx8fGVufDB8fHx8fA%3D%3D&auto=format&fit=crop&w=1170&q=80', N'anh-san-pham', N'ac322c3b-1c15-4bba-91fc-0d4ed8ceb545', CAST(N'2023-08-05T21:59:11.907' AS DateTime), 1)
INSERT [dbo].[ProductImages] ([Id], [ImageLink], [Alt], [ProductId], [CreatedDate], [Status]) VALUES (N'9a2c1cff-41d9-467e-afe8-9d8bf1b2d8e7', N'https://images.unsplash.com/photo-1690264696696-95ce83c2a3ea?ixlib=rb-4.0.3&ixid=M3wxMjA3fDB8MHxwaG90by1wYWdlfHx8fGVufDB8fHx8fA%3D%3D&auto=format&fit=crop&w=1170&q=80', N'anh-san-pham', N'2756c56a-9200-409e-887b-8e6880255488', CAST(N'2023-08-05T21:59:11.927' AS DateTime), 1)
INSERT [dbo].[ProductImages] ([Id], [ImageLink], [Alt], [ProductId], [CreatedDate], [Status]) VALUES (N'1bc61dc8-5b42-49fd-b1f7-9de9696dc246', N'https://images.unsplash.com/photo-1690264696696-95ce83c2a3ea?ixlib=rb-4.0.3&ixid=M3wxMjA3fDB8MHxwaG90by1wYWdlfHx8fGVufDB8fHx8fA%3D%3D&auto=format&fit=crop&w=1170&q=80', N'anh-san-pham', N'6fcffdc5-61c7-4fe9-8a51-717756dfc01f', CAST(N'2023-08-05T21:59:11.920' AS DateTime), 1)
INSERT [dbo].[ProductImages] ([Id], [ImageLink], [Alt], [ProductId], [CreatedDate], [Status]) VALUES (N'e7cb19ae-bbd9-47dc-82f2-9deaff7271a6', N'https://images.unsplash.com/photo-1690264696696-95ce83c2a3ea?ixlib=rb-4.0.3&ixid=M3wxMjA3fDB8MHxwaG90by1wYWdlfHx8fGVufDB8fHx8fA%3D%3D&auto=format&fit=crop&w=1170&q=80', N'anh-san-pham', N'dd5d7b1a-b175-4425-94b2-57e92defdcd9', CAST(N'2023-08-05T21:59:11.920' AS DateTime), 1)
INSERT [dbo].[ProductImages] ([Id], [ImageLink], [Alt], [ProductId], [CreatedDate], [Status]) VALUES (N'04edf2d9-6da6-4799-a9a8-9e27b69d3810', N'https://images.unsplash.com/photo-1690264696696-95ce83c2a3ea?ixlib=rb-4.0.3&ixid=M3wxMjA3fDB8MHxwaG90by1wYWdlfHx8fGVufDB8fHx8fA%3D%3D&auto=format&fit=crop&w=1170&q=80', N'anh-san-pham', N'5f6449dc-840a-4914-85e7-eedbdc3da771', CAST(N'2023-08-05T21:59:11.943' AS DateTime), 1)
INSERT [dbo].[ProductImages] ([Id], [ImageLink], [Alt], [ProductId], [CreatedDate], [Status]) VALUES (N'24ad7a78-64a8-4c3a-92c9-9e75430f3f97', N'https://images.unsplash.com/photo-1690264696696-95ce83c2a3ea?ixlib=rb-4.0.3&ixid=M3wxMjA3fDB8MHxwaG90by1wYWdlfHx8fGVufDB8fHx8fA%3D%3D&auto=format&fit=crop&w=1170&q=80', N'anh-san-pham', N'60a883f7-3099-4454-9e34-252628810820', CAST(N'2023-08-05T21:59:11.910' AS DateTime), 1)
INSERT [dbo].[ProductImages] ([Id], [ImageLink], [Alt], [ProductId], [CreatedDate], [Status]) VALUES (N'69bfe27a-c74d-4c84-85ad-9fa9e36d3ad5', N'https://images.unsplash.com/photo-1690264696696-95ce83c2a3ea?ixlib=rb-4.0.3&ixid=M3wxMjA3fDB8MHxwaG90by1wYWdlfHx8fGVufDB8fHx8fA%3D%3D&auto=format&fit=crop&w=1170&q=80', N'anh-san-pham', N'9af68d5d-dc5a-4ea9-8c33-9cf80142dd40', CAST(N'2023-08-05T21:59:11.930' AS DateTime), 1)
INSERT [dbo].[ProductImages] ([Id], [ImageLink], [Alt], [ProductId], [CreatedDate], [Status]) VALUES (N'8835f6c3-0577-4fa7-9f36-9fb46ea11bfe', N'https://images.unsplash.com/photo-1690264696696-95ce83c2a3ea?ixlib=rb-4.0.3&ixid=M3wxMjA3fDB8MHxwaG90by1wYWdlfHx8fGVufDB8fHx8fA%3D%3D&auto=format&fit=crop&w=1170&q=80', N'anh-san-pham', N'096dd0c8-b72a-4068-91aa-483e3f65cb7c', CAST(N'2023-08-05T21:59:11.917' AS DateTime), 1)
INSERT [dbo].[ProductImages] ([Id], [ImageLink], [Alt], [ProductId], [CreatedDate], [Status]) VALUES (N'b708bdd1-cead-4397-81ab-a0acab9f2ec3', N'https://images.unsplash.com/photo-1690264696696-95ce83c2a3ea?ixlib=rb-4.0.3&ixid=M3wxMjA3fDB8MHxwaG90by1wYWdlfHx8fGVufDB8fHx8fA%3D%3D&auto=format&fit=crop&w=1170&q=80', N'anh-san-pham', N'525d19c1-c217-4ac2-a261-9217c2c6d032', CAST(N'2023-08-05T21:59:11.930' AS DateTime), 1)
INSERT [dbo].[ProductImages] ([Id], [ImageLink], [Alt], [ProductId], [CreatedDate], [Status]) VALUES (N'4345ef12-d37b-418f-9221-a143cd44024b', N'https://images.unsplash.com/photo-1690264696696-95ce83c2a3ea?ixlib=rb-4.0.3&ixid=M3wxMjA3fDB8MHxwaG90by1wYWdlfHx8fGVufDB8fHx8fA%3D%3D&auto=format&fit=crop&w=1170&q=80', N'anh-san-pham', N'4534d0ba-1130-401f-8625-3e175c85a11f', CAST(N'2023-08-05T21:59:11.913' AS DateTime), 1)
INSERT [dbo].[ProductImages] ([Id], [ImageLink], [Alt], [ProductId], [CreatedDate], [Status]) VALUES (N'76526882-ac9c-42e4-930a-a1a27ae697c9', N'https://images.unsplash.com/photo-1690264696696-95ce83c2a3ea?ixlib=rb-4.0.3&ixid=M3wxMjA3fDB8MHxwaG90by1wYWdlfHx8fGVufDB8fHx8fA%3D%3D&auto=format&fit=crop&w=1170&q=80', N'anh-san-pham', N'8a898f95-de01-465f-8683-3ae493ada221', CAST(N'2023-08-05T21:59:11.910' AS DateTime), 1)
INSERT [dbo].[ProductImages] ([Id], [ImageLink], [Alt], [ProductId], [CreatedDate], [Status]) VALUES (N'8381dbc4-d6be-4291-887c-a255fb8afca5', N'https://images.unsplash.com/photo-1690264696696-95ce83c2a3ea?ixlib=rb-4.0.3&ixid=M3wxMjA3fDB8MHxwaG90by1wYWdlfHx8fGVufDB8fHx8fA%3D%3D&auto=format&fit=crop&w=1170&q=80', N'anh-san-pham', N'16238d0e-c38c-4d87-9970-efe01fa83127', CAST(N'2023-08-05T21:59:11.943' AS DateTime), 1)
INSERT [dbo].[ProductImages] ([Id], [ImageLink], [Alt], [ProductId], [CreatedDate], [Status]) VALUES (N'b81c3f66-758b-4c24-9158-a6751536c5fb', N'https://images.unsplash.com/photo-1690264696696-95ce83c2a3ea?ixlib=rb-4.0.3&ixid=M3wxMjA3fDB8MHxwaG90by1wYWdlfHx8fGVufDB8fHx8fA%3D%3D&auto=format&fit=crop&w=1170&q=80', N'anh-san-pham', N'f2d3d554-134b-4652-b07c-a24a8c403f9b', CAST(N'2023-08-05T21:59:11.933' AS DateTime), 1)
INSERT [dbo].[ProductImages] ([Id], [ImageLink], [Alt], [ProductId], [CreatedDate], [Status]) VALUES (N'8ce9dee5-62b6-439a-b332-a80efef51595', N'https://images.unsplash.com/photo-1690264696696-95ce83c2a3ea?ixlib=rb-4.0.3&ixid=M3wxMjA3fDB8MHxwaG90by1wYWdlfHx8fGVufDB8fHx8fA%3D%3D&auto=format&fit=crop&w=1170&q=80', N'anh-san-pham', N'3f2a6a41-2c80-4d87-8568-78a4a67eee80', CAST(N'2023-08-05T21:59:11.923' AS DateTime), 1)
INSERT [dbo].[ProductImages] ([Id], [ImageLink], [Alt], [ProductId], [CreatedDate], [Status]) VALUES (N'0267865b-827d-418f-b3d8-a94d44d47d7a', N'https://images.unsplash.com/photo-1690264696696-95ce83c2a3ea?ixlib=rb-4.0.3&ixid=M3wxMjA3fDB8MHxwaG90by1wYWdlfHx8fGVufDB8fHx8fA%3D%3D&auto=format&fit=crop&w=1170&q=80', N'anh-san-pham', N'edcc2613-f877-47ce-8718-956053d4b915', CAST(N'2023-08-05T21:59:11.930' AS DateTime), 1)
INSERT [dbo].[ProductImages] ([Id], [ImageLink], [Alt], [ProductId], [CreatedDate], [Status]) VALUES (N'4447c3bf-2fa9-4767-b5ff-aa199de5f1d0', N'https://images.unsplash.com/photo-1690264696696-95ce83c2a3ea?ixlib=rb-4.0.3&ixid=M3wxMjA3fDB8MHxwaG90by1wYWdlfHx8fGVufDB8fHx8fA%3D%3D&auto=format&fit=crop&w=1170&q=80', N'anh-san-pham', N'b469bcd7-3806-4a07-a30b-c246d17372e6', CAST(N'2023-08-05T21:59:11.937' AS DateTime), 1)
INSERT [dbo].[ProductImages] ([Id], [ImageLink], [Alt], [ProductId], [CreatedDate], [Status]) VALUES (N'6d900583-a97a-4993-a57a-aa29e40f09ff', N'https://images.unsplash.com/photo-1690264696696-95ce83c2a3ea?ixlib=rb-4.0.3&ixid=M3wxMjA3fDB8MHxwaG90by1wYWdlfHx8fGVufDB8fHx8fA%3D%3D&auto=format&fit=crop&w=1170&q=80', N'anh-san-pham', N'a0fbd080-efc9-436a-82f2-fd52a803cdea', CAST(N'2023-08-05T21:59:11.947' AS DateTime), 1)
INSERT [dbo].[ProductImages] ([Id], [ImageLink], [Alt], [ProductId], [CreatedDate], [Status]) VALUES (N'0ecb88bf-bb6b-4550-ab69-aa4a5e99ab90', N'https://images.unsplash.com/photo-1690264696696-95ce83c2a3ea?ixlib=rb-4.0.3&ixid=M3wxMjA3fDB8MHxwaG90by1wYWdlfHx8fGVufDB8fHx8fA%3D%3D&auto=format&fit=crop&w=1170&q=80', N'anh-san-pham', N'ac322c3b-1c15-4bba-91fc-0d4ed8ceb545', CAST(N'2023-08-05T21:59:11.903' AS DateTime), 1)
INSERT [dbo].[ProductImages] ([Id], [ImageLink], [Alt], [ProductId], [CreatedDate], [Status]) VALUES (N'7b0a48b8-8563-4d0b-8b60-abb976fc77d6', N'https://images.unsplash.com/photo-1690264696696-95ce83c2a3ea?ixlib=rb-4.0.3&ixid=M3wxMjA3fDB8MHxwaG90by1wYWdlfHx8fGVufDB8fHx8fA%3D%3D&auto=format&fit=crop&w=1170&q=80', N'anh-san-pham', N'd4ddc4c8-726d-4cf3-bf5e-3d968e379f37', CAST(N'2023-08-05T21:59:11.913' AS DateTime), 1)
INSERT [dbo].[ProductImages] ([Id], [ImageLink], [Alt], [ProductId], [CreatedDate], [Status]) VALUES (N'8ab786c3-8b9f-41a4-8b1a-ac12e463af5f', N'https://images.unsplash.com/photo-1690264696696-95ce83c2a3ea?ixlib=rb-4.0.3&ixid=M3wxMjA3fDB8MHxwaG90by1wYWdlfHx8fGVufDB8fHx8fA%3D%3D&auto=format&fit=crop&w=1170&q=80', N'anh-san-pham', N'cad7b811-deb8-44a5-b48d-0eb7dfaa5d2e', CAST(N'2023-08-05T21:59:11.907' AS DateTime), 1)
INSERT [dbo].[ProductImages] ([Id], [ImageLink], [Alt], [ProductId], [CreatedDate], [Status]) VALUES (N'b73b4dac-e5a6-403f-b35d-ac32af6d609c', N'https://images.unsplash.com/photo-1690264696696-95ce83c2a3ea?ixlib=rb-4.0.3&ixid=M3wxMjA3fDB8MHxwaG90by1wYWdlfHx8fGVufDB8fHx8fA%3D%3D&auto=format&fit=crop&w=1170&q=80', N'anh-san-pham', N'594d63b7-0c9a-4324-b5c2-47ec462b65bd', CAST(N'2023-08-05T21:59:11.913' AS DateTime), 1)
INSERT [dbo].[ProductImages] ([Id], [ImageLink], [Alt], [ProductId], [CreatedDate], [Status]) VALUES (N'15c1c80f-85c3-4d2b-80c9-ac60f5c26bc9', N'https://images.unsplash.com/photo-1690264696696-95ce83c2a3ea?ixlib=rb-4.0.3&ixid=M3wxMjA3fDB8MHxwaG90by1wYWdlfHx8fGVufDB8fHx8fA%3D%3D&auto=format&fit=crop&w=1170&q=80', N'anh-san-pham', N'16238d0e-c38c-4d87-9970-efe01fa83127', CAST(N'2023-08-05T21:59:11.943' AS DateTime), 1)
INSERT [dbo].[ProductImages] ([Id], [ImageLink], [Alt], [ProductId], [CreatedDate], [Status]) VALUES (N'0dbf93bc-dbed-4e28-a7ef-ad06dc763394', N'https://images.unsplash.com/photo-1690264696696-95ce83c2a3ea?ixlib=rb-4.0.3&ixid=M3wxMjA3fDB8MHxwaG90by1wYWdlfHx8fGVufDB8fHx8fA%3D%3D&auto=format&fit=crop&w=1170&q=80', N'anh-san-pham', N'b85a946a-8784-45c3-a9cf-867efc352a41', CAST(N'2023-08-05T21:59:11.923' AS DateTime), 1)
INSERT [dbo].[ProductImages] ([Id], [ImageLink], [Alt], [ProductId], [CreatedDate], [Status]) VALUES (N'd2a77a99-219c-4b0d-8c78-ad2745546756', N'https://images.unsplash.com/photo-1690264696696-95ce83c2a3ea?ixlib=rb-4.0.3&ixid=M3wxMjA3fDB8MHxwaG90by1wYWdlfHx8fGVufDB8fHx8fA%3D%3D&auto=format&fit=crop&w=1170&q=80', N'anh-san-pham', N'13686bb3-ed3d-428f-967e-3d0a882e7d0e', CAST(N'2023-08-05T21:59:11.910' AS DateTime), 1)
INSERT [dbo].[ProductImages] ([Id], [ImageLink], [Alt], [ProductId], [CreatedDate], [Status]) VALUES (N'd14180af-eeb3-496f-9da1-ad711a7c7106', N'https://images.unsplash.com/photo-1690264696696-95ce83c2a3ea?ixlib=rb-4.0.3&ixid=M3wxMjA3fDB8MHxwaG90by1wYWdlfHx8fGVufDB8fHx8fA%3D%3D&auto=format&fit=crop&w=1170&q=80', N'anh-san-pham', N'e971aac1-9c1b-4694-aeec-56d7941c8be0', CAST(N'2023-08-05T21:59:11.917' AS DateTime), 1)
INSERT [dbo].[ProductImages] ([Id], [ImageLink], [Alt], [ProductId], [CreatedDate], [Status]) VALUES (N'5e01137a-c50c-4daf-a46e-aea4f59e2e84', N'https://images.unsplash.com/photo-1690264696696-95ce83c2a3ea?ixlib=rb-4.0.3&ixid=M3wxMjA3fDB8MHxwaG90by1wYWdlfHx8fGVufDB8fHx8fA%3D%3D&auto=format&fit=crop&w=1170&q=80', N'anh-san-pham', N'a0fbd080-efc9-436a-82f2-fd52a803cdea', CAST(N'2023-08-05T21:59:11.950' AS DateTime), 1)
INSERT [dbo].[ProductImages] ([Id], [ImageLink], [Alt], [ProductId], [CreatedDate], [Status]) VALUES (N'b65f98a7-4edb-46c2-9fae-af0602a2bf39', N'https://images.unsplash.com/photo-1690264696696-95ce83c2a3ea?ixlib=rb-4.0.3&ixid=M3wxMjA3fDB8MHxwaG90by1wYWdlfHx8fGVufDB8fHx8fA%3D%3D&auto=format&fit=crop&w=1170&q=80', N'anh-san-pham', N'69b6778b-c26b-43d9-a52d-366202e6ca17', CAST(N'2023-08-05T21:59:11.910' AS DateTime), 1)
INSERT [dbo].[ProductImages] ([Id], [ImageLink], [Alt], [ProductId], [CreatedDate], [Status]) VALUES (N'2be31436-6075-4bdc-beee-af2ffcefe2e4', N'https://images.unsplash.com/photo-1690264696696-95ce83c2a3ea?ixlib=rb-4.0.3&ixid=M3wxMjA3fDB8MHxwaG90by1wYWdlfHx8fGVufDB8fHx8fA%3D%3D&auto=format&fit=crop&w=1170&q=80', N'anh-san-pham', N'c9ba4ec5-e52b-4179-9735-c7ec96fd2e1d', CAST(N'2023-08-05T21:59:11.940' AS DateTime), 1)
INSERT [dbo].[ProductImages] ([Id], [ImageLink], [Alt], [ProductId], [CreatedDate], [Status]) VALUES (N'4a717005-4180-4e12-b2a1-b01d89aa4bfa', N'https://images.unsplash.com/photo-1690264696696-95ce83c2a3ea?ixlib=rb-4.0.3&ixid=M3wxMjA3fDB8MHxwaG90by1wYWdlfHx8fGVufDB8fHx8fA%3D%3D&auto=format&fit=crop&w=1170&q=80', N'anh-san-pham', N'603a2f99-2d0d-4154-8c0d-d065a84f99a1', CAST(N'2023-08-05T21:59:11.940' AS DateTime), 1)
INSERT [dbo].[ProductImages] ([Id], [ImageLink], [Alt], [ProductId], [CreatedDate], [Status]) VALUES (N'6fd27b56-c045-4a22-9931-b071f6b849d0', N'https://images.unsplash.com/photo-1690264696696-95ce83c2a3ea?ixlib=rb-4.0.3&ixid=M3wxMjA3fDB8MHxwaG90by1wYWdlfHx8fGVufDB8fHx8fA%3D%3D&auto=format&fit=crop&w=1170&q=80', N'anh-san-pham', N'ac322c3b-1c15-4bba-91fc-0d4ed8ceb545', CAST(N'2023-08-05T21:59:11.907' AS DateTime), 1)
INSERT [dbo].[ProductImages] ([Id], [ImageLink], [Alt], [ProductId], [CreatedDate], [Status]) VALUES (N'44217863-c516-429e-b99f-b1d46c9d033e', N'https://images.unsplash.com/photo-1690264696696-95ce83c2a3ea?ixlib=rb-4.0.3&ixid=M3wxMjA3fDB8MHxwaG90by1wYWdlfHx8fGVufDB8fHx8fA%3D%3D&auto=format&fit=crop&w=1170&q=80', N'anh-san-pham', N'edcc2613-f877-47ce-8718-956053d4b915', CAST(N'2023-08-05T21:59:11.930' AS DateTime), 1)
INSERT [dbo].[ProductImages] ([Id], [ImageLink], [Alt], [ProductId], [CreatedDate], [Status]) VALUES (N'9d611497-99ec-43a0-902c-b23dd2e7c4b7', N'https://images.unsplash.com/photo-1690264696696-95ce83c2a3ea?ixlib=rb-4.0.3&ixid=M3wxMjA3fDB8MHxwaG90by1wYWdlfHx8fGVufDB8fHx8fA%3D%3D&auto=format&fit=crop&w=1170&q=80', N'anh-san-pham', N'b9ce7afe-1e1b-4824-82f5-05c9f0be5636', CAST(N'2023-08-05T21:59:11.903' AS DateTime), 1)
INSERT [dbo].[ProductImages] ([Id], [ImageLink], [Alt], [ProductId], [CreatedDate], [Status]) VALUES (N'103d1cfb-4391-4e56-a745-b2e7f6c7cd47', N'https://images.unsplash.com/photo-1690264696696-95ce83c2a3ea?ixlib=rb-4.0.3&ixid=M3wxMjA3fDB8MHxwaG90by1wYWdlfHx8fGVufDB8fHx8fA%3D%3D&auto=format&fit=crop&w=1170&q=80', N'anh-san-pham', N'5e7406f2-1802-47d0-ad7a-224d0c4c5a15', CAST(N'2023-08-05T21:59:11.907' AS DateTime), 1)
INSERT [dbo].[ProductImages] ([Id], [ImageLink], [Alt], [ProductId], [CreatedDate], [Status]) VALUES (N'1706c090-02ed-42ad-b7dd-b30f5964c63b', N'https://images.unsplash.com/photo-1690264696696-95ce83c2a3ea?ixlib=rb-4.0.3&ixid=M3wxMjA3fDB8MHxwaG90by1wYWdlfHx8fGVufDB8fHx8fA%3D%3D&auto=format&fit=crop&w=1170&q=80', N'anh-san-pham', N'5dd5c919-59ab-4809-a3f6-9cc6cd72c53a', CAST(N'2023-08-05T21:59:11.930' AS DateTime), 1)
INSERT [dbo].[ProductImages] ([Id], [ImageLink], [Alt], [ProductId], [CreatedDate], [Status]) VALUES (N'76b9fa80-df01-426d-b0cd-b625440cede6', N'https://images.unsplash.com/photo-1690264696696-95ce83c2a3ea?ixlib=rb-4.0.3&ixid=M3wxMjA3fDB8MHxwaG90by1wYWdlfHx8fGVufDB8fHx8fA%3D%3D&auto=format&fit=crop&w=1170&q=80', N'anh-san-pham', N'b9ce7afe-1e1b-4824-82f5-05c9f0be5636', CAST(N'2023-08-05T21:59:11.903' AS DateTime), 1)
INSERT [dbo].[ProductImages] ([Id], [ImageLink], [Alt], [ProductId], [CreatedDate], [Status]) VALUES (N'070ccd62-6f0d-4b3b-819b-b850b3199fdb', N'https://images.unsplash.com/photo-1690264696696-95ce83c2a3ea?ixlib=rb-4.0.3&ixid=M3wxMjA3fDB8MHxwaG90by1wYWdlfHx8fGVufDB8fHx8fA%3D%3D&auto=format&fit=crop&w=1170&q=80', N'anh-san-pham', N'918f87bb-4926-4549-ad44-8f5b21712d24', CAST(N'2023-08-05T21:59:11.927' AS DateTime), 1)
INSERT [dbo].[ProductImages] ([Id], [ImageLink], [Alt], [ProductId], [CreatedDate], [Status]) VALUES (N'e07aae03-becf-4de9-b710-ba4f61319e7b', N'https://images.unsplash.com/photo-1690264696696-95ce83c2a3ea?ixlib=rb-4.0.3&ixid=M3wxMjA3fDB8MHxwaG90by1wYWdlfHx8fGVufDB8fHx8fA%3D%3D&auto=format&fit=crop&w=1170&q=80', N'anh-san-pham', N'd4ddc4c8-726d-4cf3-bf5e-3d968e379f37', CAST(N'2023-08-05T21:59:11.913' AS DateTime), 1)
INSERT [dbo].[ProductImages] ([Id], [ImageLink], [Alt], [ProductId], [CreatedDate], [Status]) VALUES (N'6cd1be02-3ee3-4ce7-9dd9-bd539a5477f1', N'https://images.unsplash.com/photo-1690264696696-95ce83c2a3ea?ixlib=rb-4.0.3&ixid=M3wxMjA3fDB8MHxwaG90by1wYWdlfHx8fGVufDB8fHx8fA%3D%3D&auto=format&fit=crop&w=1170&q=80', N'anh-san-pham', N'e971aac1-9c1b-4694-aeec-56d7941c8be0', CAST(N'2023-08-05T21:59:11.917' AS DateTime), 1)
INSERT [dbo].[ProductImages] ([Id], [ImageLink], [Alt], [ProductId], [CreatedDate], [Status]) VALUES (N'dd38fb91-4d28-45e8-8ad5-bd94b92edbb9', N'https://images.unsplash.com/photo-1690264696696-95ce83c2a3ea?ixlib=rb-4.0.3&ixid=M3wxMjA3fDB8MHxwaG90by1wYWdlfHx8fGVufDB8fHx8fA%3D%3D&auto=format&fit=crop&w=1170&q=80', N'anh-san-pham', N'ca438baf-20d2-4293-a514-03dfe2c26ffa', CAST(N'2023-08-05T21:59:11.903' AS DateTime), 1)
INSERT [dbo].[ProductImages] ([Id], [ImageLink], [Alt], [ProductId], [CreatedDate], [Status]) VALUES (N'dd1b7c6e-f5da-4fbc-891a-bdfeccf09bd1', N'https://images.unsplash.com/photo-1690264696696-95ce83c2a3ea?ixlib=rb-4.0.3&ixid=M3wxMjA3fDB8MHxwaG90by1wYWdlfHx8fGVufDB8fHx8fA%3D%3D&auto=format&fit=crop&w=1170&q=80', N'anh-san-pham', N'ccea15ca-8380-4d70-b968-53298e75461d', CAST(N'2023-08-05T21:59:11.917' AS DateTime), 1)
INSERT [dbo].[ProductImages] ([Id], [ImageLink], [Alt], [ProductId], [CreatedDate], [Status]) VALUES (N'17f5d1ab-f3d5-4a14-9714-bf215cacebec', N'https://images.unsplash.com/photo-1690264696696-95ce83c2a3ea?ixlib=rb-4.0.3&ixid=M3wxMjA3fDB8MHxwaG90by1wYWdlfHx8fGVufDB8fHx8fA%3D%3D&auto=format&fit=crop&w=1170&q=80', N'anh-san-pham', N'60a883f7-3099-4454-9e34-252628810820', CAST(N'2023-08-05T21:59:11.910' AS DateTime), 1)
INSERT [dbo].[ProductImages] ([Id], [ImageLink], [Alt], [ProductId], [CreatedDate], [Status]) VALUES (N'ada2e326-5a4f-49d0-af27-c1085b4fba53', N'https://images.unsplash.com/photo-1690264696696-95ce83c2a3ea?ixlib=rb-4.0.3&ixid=M3wxMjA3fDB8MHxwaG90by1wYWdlfHx8fGVufDB8fHx8fA%3D%3D&auto=format&fit=crop&w=1170&q=80', N'anh-san-pham', N'5dd5c919-59ab-4809-a3f6-9cc6cd72c53a', CAST(N'2023-08-05T21:59:11.930' AS DateTime), 1)
INSERT [dbo].[ProductImages] ([Id], [ImageLink], [Alt], [ProductId], [CreatedDate], [Status]) VALUES (N'46033c17-29cc-44d6-bf61-c1fdbf220e5b', N'https://images.unsplash.com/photo-1690264696696-95ce83c2a3ea?ixlib=rb-4.0.3&ixid=M3wxMjA3fDB8MHxwaG90by1wYWdlfHx8fGVufDB8fHx8fA%3D%3D&auto=format&fit=crop&w=1170&q=80', N'anh-san-pham', N'af7ee28e-cbac-4019-94b8-a4481a413707', CAST(N'2023-08-05T21:59:11.933' AS DateTime), 1)
INSERT [dbo].[ProductImages] ([Id], [ImageLink], [Alt], [ProductId], [CreatedDate], [Status]) VALUES (N'459bce65-ae9a-4db5-8232-c3c4dc752392', N'https://images.unsplash.com/photo-1690264696696-95ce83c2a3ea?ixlib=rb-4.0.3&ixid=M3wxMjA3fDB8MHxwaG90by1wYWdlfHx8fGVufDB8fHx8fA%3D%3D&auto=format&fit=crop&w=1170&q=80', N'anh-san-pham', N'2756c56a-9200-409e-887b-8e6880255488', CAST(N'2023-08-05T21:59:11.927' AS DateTime), 1)
INSERT [dbo].[ProductImages] ([Id], [ImageLink], [Alt], [ProductId], [CreatedDate], [Status]) VALUES (N'65599a73-a4a4-495f-b6cd-c512762ca0bb', N'https://images.unsplash.com/photo-1690264696696-95ce83c2a3ea?ixlib=rb-4.0.3&ixid=M3wxMjA3fDB8MHxwaG90by1wYWdlfHx8fGVufDB8fHx8fA%3D%3D&auto=format&fit=crop&w=1170&q=80', N'anh-san-pham', N'5f6449dc-840a-4914-85e7-eedbdc3da771', CAST(N'2023-08-05T21:59:11.943' AS DateTime), 1)
INSERT [dbo].[ProductImages] ([Id], [ImageLink], [Alt], [ProductId], [CreatedDate], [Status]) VALUES (N'94c5e0b8-268b-485c-8dc4-c73639b8b512', N'https://images.unsplash.com/photo-1690264696696-95ce83c2a3ea?ixlib=rb-4.0.3&ixid=M3wxMjA3fDB8MHxwaG90by1wYWdlfHx8fGVufDB8fHx8fA%3D%3D&auto=format&fit=crop&w=1170&q=80', N'anh-san-pham', N'edcc2613-f877-47ce-8718-956053d4b915', CAST(N'2023-08-05T21:59:11.930' AS DateTime), 1)
INSERT [dbo].[ProductImages] ([Id], [ImageLink], [Alt], [ProductId], [CreatedDate], [Status]) VALUES (N'7bbf65da-c39f-4d67-9898-c89bace7ee6e', N'https://images.unsplash.com/photo-1690264696696-95ce83c2a3ea?ixlib=rb-4.0.3&ixid=M3wxMjA3fDB8MHxwaG90by1wYWdlfHx8fGVufDB8fHx8fA%3D%3D&auto=format&fit=crop&w=1170&q=80', N'anh-san-pham', N'0aed0c79-8af9-4e65-99ce-1083a18f7329', CAST(N'2023-08-05T21:59:11.907' AS DateTime), 1)
INSERT [dbo].[ProductImages] ([Id], [ImageLink], [Alt], [ProductId], [CreatedDate], [Status]) VALUES (N'461e8898-d882-4ff2-9c14-c8fa21a963be', N'https://images.unsplash.com/photo-1690264696696-95ce83c2a3ea?ixlib=rb-4.0.3&ixid=M3wxMjA3fDB8MHxwaG90by1wYWdlfHx8fGVufDB8fHx8fA%3D%3D&auto=format&fit=crop&w=1170&q=80', N'anh-san-pham', N'603a2f99-2d0d-4154-8c0d-d065a84f99a1', CAST(N'2023-08-05T21:59:11.940' AS DateTime), 1)
INSERT [dbo].[ProductImages] ([Id], [ImageLink], [Alt], [ProductId], [CreatedDate], [Status]) VALUES (N'55f8cda3-f76f-4c78-a47c-c9a7b049a4b7', N'https://images.unsplash.com/photo-1690264696696-95ce83c2a3ea?ixlib=rb-4.0.3&ixid=M3wxMjA3fDB8MHxwaG90by1wYWdlfHx8fGVufDB8fHx8fA%3D%3D&auto=format&fit=crop&w=1170&q=80', N'anh-san-pham', N'3f2a6a41-2c80-4d87-8568-78a4a67eee80', CAST(N'2023-08-05T21:59:11.923' AS DateTime), 1)
INSERT [dbo].[ProductImages] ([Id], [ImageLink], [Alt], [ProductId], [CreatedDate], [Status]) VALUES (N'b6b1a657-0346-4559-97e8-caa7888ecaaa', N'https://images.unsplash.com/photo-1690264696696-95ce83c2a3ea?ixlib=rb-4.0.3&ixid=M3wxMjA3fDB8MHxwaG90by1wYWdlfHx8fGVufDB8fHx8fA%3D%3D&auto=format&fit=crop&w=1170&q=80', N'anh-san-pham', N'cb18cd40-4690-4d99-83d1-2aa3752cd61b', CAST(N'2023-08-05T21:59:11.910' AS DateTime), 1)
INSERT [dbo].[ProductImages] ([Id], [ImageLink], [Alt], [ProductId], [CreatedDate], [Status]) VALUES (N'0169cb9c-1049-41cf-abcb-cb33d3a909f2', N'https://images.unsplash.com/photo-1690264696696-95ce83c2a3ea?ixlib=rb-4.0.3&ixid=M3wxMjA3fDB8MHxwaG90by1wYWdlfHx8fGVufDB8fHx8fA%3D%3D&auto=format&fit=crop&w=1170&q=80', N'anh-san-pham', N'2756c56a-9200-409e-887b-8e6880255488', CAST(N'2023-08-05T21:59:11.927' AS DateTime), 1)
INSERT [dbo].[ProductImages] ([Id], [ImageLink], [Alt], [ProductId], [CreatedDate], [Status]) VALUES (N'71dcd208-c36b-48e8-9337-cb42a73196a6', N'https://images.unsplash.com/photo-1690264696696-95ce83c2a3ea?ixlib=rb-4.0.3&ixid=M3wxMjA3fDB8MHxwaG90by1wYWdlfHx8fGVufDB8fHx8fA%3D%3D&auto=format&fit=crop&w=1170&q=80', N'anh-san-pham', N'5e307d3b-c9d0-4700-b92d-5f8cf8321498', CAST(N'2023-08-05T21:59:11.920' AS DateTime), 1)
INSERT [dbo].[ProductImages] ([Id], [ImageLink], [Alt], [ProductId], [CreatedDate], [Status]) VALUES (N'8b393f95-decf-48b0-acd1-cc3c33bbba7d', N'https://images.unsplash.com/photo-1690264696696-95ce83c2a3ea?ixlib=rb-4.0.3&ixid=M3wxMjA3fDB8MHxwaG90by1wYWdlfHx8fGVufDB8fHx8fA%3D%3D&auto=format&fit=crop&w=1170&q=80', N'anh-san-pham', N'41fa384c-e982-4b43-85d0-b419becbe36c', CAST(N'2023-08-05T21:59:11.937' AS DateTime), 1)
INSERT [dbo].[ProductImages] ([Id], [ImageLink], [Alt], [ProductId], [CreatedDate], [Status]) VALUES (N'eeade07c-3a43-4400-904e-ccf0236c7a7b', N'https://images.unsplash.com/photo-1690264696696-95ce83c2a3ea?ixlib=rb-4.0.3&ixid=M3wxMjA3fDB8MHxwaG90by1wYWdlfHx8fGVufDB8fHx8fA%3D%3D&auto=format&fit=crop&w=1170&q=80', N'anh-san-pham', N'0aed0c79-8af9-4e65-99ce-1083a18f7329', CAST(N'2023-08-05T21:59:11.907' AS DateTime), 1)
INSERT [dbo].[ProductImages] ([Id], [ImageLink], [Alt], [ProductId], [CreatedDate], [Status]) VALUES (N'55c6900e-ca4b-4553-98a2-cf931f44fbce', N'https://images.unsplash.com/photo-1690264696696-95ce83c2a3ea?ixlib=rb-4.0.3&ixid=M3wxMjA3fDB8MHxwaG90by1wYWdlfHx8fGVufDB8fHx8fA%3D%3D&auto=format&fit=crop&w=1170&q=80', N'anh-san-pham', N'956cf5cd-94bb-4f63-a5d1-f88c416deb2c', CAST(N'2023-08-05T21:59:11.947' AS DateTime), 1)
INSERT [dbo].[ProductImages] ([Id], [ImageLink], [Alt], [ProductId], [CreatedDate], [Status]) VALUES (N'ac850909-e5c9-40cc-ab24-d2f2fb2414f6', N'https://images.unsplash.com/photo-1690264696696-95ce83c2a3ea?ixlib=rb-4.0.3&ixid=M3wxMjA3fDB8MHxwaG90by1wYWdlfHx8fGVufDB8fHx8fA%3D%3D&auto=format&fit=crop&w=1170&q=80', N'anh-san-pham', N'13686bb3-ed3d-428f-967e-3d0a882e7d0e', CAST(N'2023-08-05T21:59:11.910' AS DateTime), 1)
INSERT [dbo].[ProductImages] ([Id], [ImageLink], [Alt], [ProductId], [CreatedDate], [Status]) VALUES (N'2966f3d9-e9f5-427e-b8f4-d512c2d6a269', N'https://images.unsplash.com/photo-1690264696696-95ce83c2a3ea?ixlib=rb-4.0.3&ixid=M3wxMjA3fDB8MHxwaG90by1wYWdlfHx8fGVufDB8fHx8fA%3D%3D&auto=format&fit=crop&w=1170&q=80', N'anh-san-pham', N'ccea15ca-8380-4d70-b968-53298e75461d', CAST(N'2023-08-05T21:59:11.917' AS DateTime), 1)
INSERT [dbo].[ProductImages] ([Id], [ImageLink], [Alt], [ProductId], [CreatedDate], [Status]) VALUES (N'a69d2309-0852-4219-a415-d5208894aa63', N'https://images.unsplash.com/photo-1690264696696-95ce83c2a3ea?ixlib=rb-4.0.3&ixid=M3wxMjA3fDB8MHxwaG90by1wYWdlfHx8fGVufDB8fHx8fA%3D%3D&auto=format&fit=crop&w=1170&q=80', N'anh-san-pham', N'5e7406f2-1802-47d0-ad7a-224d0c4c5a15', CAST(N'2023-08-05T21:59:11.907' AS DateTime), 1)
INSERT [dbo].[ProductImages] ([Id], [ImageLink], [Alt], [ProductId], [CreatedDate], [Status]) VALUES (N'28dd6cb3-db1a-47d5-9768-d688ffb7137c', N'https://localhost:7129/product-images/851dbd22-96bf-41ca-9fa8-cd789baa2edb-pexels-anastasia-shuraeva-5481512.jpg', N'4', N'917e9dd6-7b86-4447-9c9f-c88147e19138', CAST(N'2023-09-09T19:33:59.077' AS DateTime), 1)
INSERT [dbo].[ProductImages] ([Id], [ImageLink], [Alt], [ProductId], [CreatedDate], [Status]) VALUES (N'e7468598-d20a-4817-a0bb-d7ff1fcf4834', N'https://images.unsplash.com/photo-1690264696696-95ce83c2a3ea?ixlib=rb-4.0.3&ixid=M3wxMjA3fDB8MHxwaG90by1wYWdlfHx8fGVufDB8fHx8fA%3D%3D&auto=format&fit=crop&w=1170&q=80', N'anh-san-pham', N'13686bb3-ed3d-428f-967e-3d0a882e7d0e', CAST(N'2023-08-05T21:59:11.910' AS DateTime), 1)
INSERT [dbo].[ProductImages] ([Id], [ImageLink], [Alt], [ProductId], [CreatedDate], [Status]) VALUES (N'9ecfc2b5-7261-477c-8248-da850e0b94da', N'https://images.unsplash.com/photo-1690264696696-95ce83c2a3ea?ixlib=rb-4.0.3&ixid=M3wxMjA3fDB8MHxwaG90by1wYWdlfHx8fGVufDB8fHx8fA%3D%3D&auto=format&fit=crop&w=1170&q=80', N'anh-san-pham', N'b469bcd7-3806-4a07-a30b-c246d17372e6', CAST(N'2023-08-05T21:59:11.937' AS DateTime), 1)
INSERT [dbo].[ProductImages] ([Id], [ImageLink], [Alt], [ProductId], [CreatedDate], [Status]) VALUES (N'5fc841f0-5e3f-411f-aa83-da99190169d3', N'https://images.unsplash.com/photo-1690264696696-95ce83c2a3ea?ixlib=rb-4.0.3&ixid=M3wxMjA3fDB8MHxwaG90by1wYWdlfHx8fGVufDB8fHx8fA%3D%3D&auto=format&fit=crop&w=1170&q=80', N'anh-san-pham', N'1db19979-38ba-4b80-b137-4227db73c708', CAST(N'2023-08-05T21:59:11.913' AS DateTime), 1)
GO
INSERT [dbo].[ProductImages] ([Id], [ImageLink], [Alt], [ProductId], [CreatedDate], [Status]) VALUES (N'bb50c14e-80a4-405d-9532-dbc04c5e2f29', N'https://images.unsplash.com/photo-1690264696696-95ce83c2a3ea?ixlib=rb-4.0.3&ixid=M3wxMjA3fDB8MHxwaG90by1wYWdlfHx8fGVufDB8fHx8fA%3D%3D&auto=format&fit=crop&w=1170&q=80', N'anh-san-pham', N'1db19979-38ba-4b80-b137-4227db73c708', CAST(N'2023-08-05T21:59:11.913' AS DateTime), 1)
INSERT [dbo].[ProductImages] ([Id], [ImageLink], [Alt], [ProductId], [CreatedDate], [Status]) VALUES (N'27f171a4-f2a1-4932-a9f0-dd03cc9151c8', N'https://images.unsplash.com/photo-1690264696696-95ce83c2a3ea?ixlib=rb-4.0.3&ixid=M3wxMjA3fDB8MHxwaG90by1wYWdlfHx8fGVufDB8fHx8fA%3D%3D&auto=format&fit=crop&w=1170&q=80', N'anh-san-pham', N'5dd5c919-59ab-4809-a3f6-9cc6cd72c53a', CAST(N'2023-08-05T21:59:11.930' AS DateTime), 1)
INSERT [dbo].[ProductImages] ([Id], [ImageLink], [Alt], [ProductId], [CreatedDate], [Status]) VALUES (N'f2129e71-a9d9-407f-9776-e076ad77ba75', N'https://images.unsplash.com/photo-1690264696696-95ce83c2a3ea?ixlib=rb-4.0.3&ixid=M3wxMjA3fDB8MHxwaG90by1wYWdlfHx8fGVufDB8fHx8fA%3D%3D&auto=format&fit=crop&w=1170&q=80', N'anh-san-pham', N'57bb4f67-74c7-4736-b99c-95d8b6ce5251', CAST(N'2023-08-05T21:59:11.930' AS DateTime), 1)
INSERT [dbo].[ProductImages] ([Id], [ImageLink], [Alt], [ProductId], [CreatedDate], [Status]) VALUES (N'91772f84-39ca-4176-971c-e311faca4561', N'https://images.unsplash.com/photo-1690264696696-95ce83c2a3ea?ixlib=rb-4.0.3&ixid=M3wxMjA3fDB8MHxwaG90by1wYWdlfHx8fGVufDB8fHx8fA%3D%3D&auto=format&fit=crop&w=1170&q=80', N'anh-san-pham', N'978eb6af-e786-46bc-a70d-e1f17c7487dc', CAST(N'2023-08-05T21:59:11.940' AS DateTime), 1)
INSERT [dbo].[ProductImages] ([Id], [ImageLink], [Alt], [ProductId], [CreatedDate], [Status]) VALUES (N'9b654887-fddb-4cd2-85e4-e5b1fb6654f3', N'https://images.unsplash.com/photo-1690264696696-95ce83c2a3ea?ixlib=rb-4.0.3&ixid=M3wxMjA3fDB8MHxwaG90by1wYWdlfHx8fGVufDB8fHx8fA%3D%3D&auto=format&fit=crop&w=1170&q=80', N'anh-san-pham', N'1db19979-38ba-4b80-b137-4227db73c708', CAST(N'2023-08-05T21:59:11.913' AS DateTime), 1)
INSERT [dbo].[ProductImages] ([Id], [ImageLink], [Alt], [ProductId], [CreatedDate], [Status]) VALUES (N'21a9feb7-5037-4935-8e88-e5c67724558b', N'https://images.unsplash.com/photo-1690264696696-95ce83c2a3ea?ixlib=rb-4.0.3&ixid=M3wxMjA3fDB8MHxwaG90by1wYWdlfHx8fGVufDB8fHx8fA%3D%3D&auto=format&fit=crop&w=1170&q=80', N'anh-san-pham', N'd4ddc4c8-726d-4cf3-bf5e-3d968e379f37', CAST(N'2023-08-05T21:59:11.913' AS DateTime), 1)
INSERT [dbo].[ProductImages] ([Id], [ImageLink], [Alt], [ProductId], [CreatedDate], [Status]) VALUES (N'087f47b8-1972-43b3-be20-e6132d8182b8', N'https://images.unsplash.com/photo-1690264696696-95ce83c2a3ea?ixlib=rb-4.0.3&ixid=M3wxMjA3fDB8MHxwaG90by1wYWdlfHx8fGVufDB8fHx8fA%3D%3D&auto=format&fit=crop&w=1170&q=80', N'anh-san-pham', N'6fcffdc5-61c7-4fe9-8a51-717756dfc01f', CAST(N'2023-08-05T21:59:11.920' AS DateTime), 1)
INSERT [dbo].[ProductImages] ([Id], [ImageLink], [Alt], [ProductId], [CreatedDate], [Status]) VALUES (N'ff5463cf-020d-447a-957b-e7133d10b5b2', N'https://images.unsplash.com/photo-1690264696696-95ce83c2a3ea?ixlib=rb-4.0.3&ixid=M3wxMjA3fDB8MHxwaG90by1wYWdlfHx8fGVufDB8fHx8fA%3D%3D&auto=format&fit=crop&w=1170&q=80', N'anh-san-pham', N'f2d3d554-134b-4652-b07c-a24a8c403f9b', CAST(N'2023-08-05T21:59:11.933' AS DateTime), 1)
INSERT [dbo].[ProductImages] ([Id], [ImageLink], [Alt], [ProductId], [CreatedDate], [Status]) VALUES (N'f6e9e245-afdb-47e1-b63c-e782491662cb', N'https://images.unsplash.com/photo-1690264696696-95ce83c2a3ea?ixlib=rb-4.0.3&ixid=M3wxMjA3fDB8MHxwaG90by1wYWdlfHx8fGVufDB8fHx8fA%3D%3D&auto=format&fit=crop&w=1170&q=80', N'anh-san-pham', N'181101d3-1495-4811-ac15-1a62d70e1369', CAST(N'2023-08-05T21:59:11.907' AS DateTime), 1)
INSERT [dbo].[ProductImages] ([Id], [ImageLink], [Alt], [ProductId], [CreatedDate], [Status]) VALUES (N'1e71e1bc-40b0-4a95-b1cc-eb04b5c605dc', N'https://images.unsplash.com/photo-1690264696696-95ce83c2a3ea?ixlib=rb-4.0.3&ixid=M3wxMjA3fDB8MHxwaG90by1wYWdlfHx8fGVufDB8fHx8fA%3D%3D&auto=format&fit=crop&w=1170&q=80', N'anh-san-pham', N'57bb4f67-74c7-4736-b99c-95d8b6ce5251', CAST(N'2023-08-05T21:59:11.930' AS DateTime), 1)
INSERT [dbo].[ProductImages] ([Id], [ImageLink], [Alt], [ProductId], [CreatedDate], [Status]) VALUES (N'05b249c4-48c2-4c4f-b0d5-eb2016b485e1', N'https://images.unsplash.com/photo-1690264696696-95ce83c2a3ea?ixlib=rb-4.0.3&ixid=M3wxMjA3fDB8MHxwaG90by1wYWdlfHx8fGVufDB8fHx8fA%3D%3D&auto=format&fit=crop&w=1170&q=80', N'anh-san-pham', N'978eb6af-e786-46bc-a70d-e1f17c7487dc', CAST(N'2023-08-05T21:59:11.940' AS DateTime), 1)
INSERT [dbo].[ProductImages] ([Id], [ImageLink], [Alt], [ProductId], [CreatedDate], [Status]) VALUES (N'34dfd8ad-8511-4c63-960f-ebc1fe4ddcb4', N'https://images.unsplash.com/photo-1690264696696-95ce83c2a3ea?ixlib=rb-4.0.3&ixid=M3wxMjA3fDB8MHxwaG90by1wYWdlfHx8fGVufDB8fHx8fA%3D%3D&auto=format&fit=crop&w=1170&q=80', N'anh-san-pham', N'fc34594b-3dd1-49b3-85da-a9c3d236d8e3', CAST(N'2023-08-05T21:59:11.937' AS DateTime), 1)
INSERT [dbo].[ProductImages] ([Id], [ImageLink], [Alt], [ProductId], [CreatedDate], [Status]) VALUES (N'4ccf1823-440d-444a-ae36-eca029f0eb27', N'https://images.unsplash.com/photo-1690264696696-95ce83c2a3ea?ixlib=rb-4.0.3&ixid=M3wxMjA3fDB8MHxwaG90by1wYWdlfHx8fGVufDB8fHx8fA%3D%3D&auto=format&fit=crop&w=1170&q=80', N'anh-san-pham', N'6cd4e034-a98a-483f-9726-e9d26464155e', CAST(N'2023-08-05T21:59:11.943' AS DateTime), 1)
INSERT [dbo].[ProductImages] ([Id], [ImageLink], [Alt], [ProductId], [CreatedDate], [Status]) VALUES (N'90a32605-ef61-4dea-bfca-ed5a5d1bc23d', N'https://images.unsplash.com/photo-1690264696696-95ce83c2a3ea?ixlib=rb-4.0.3&ixid=M3wxMjA3fDB8MHxwaG90by1wYWdlfHx8fGVufDB8fHx8fA%3D%3D&auto=format&fit=crop&w=1170&q=80', N'anh-san-pham', N'e2b5f984-1ea5-41c9-a1c5-2e4adf1da03c', CAST(N'2023-08-05T21:59:11.910' AS DateTime), 1)
INSERT [dbo].[ProductImages] ([Id], [ImageLink], [Alt], [ProductId], [CreatedDate], [Status]) VALUES (N'459c5573-0f6c-440c-9818-ef0070ba1c67', N'https://images.unsplash.com/photo-1690264696696-95ce83c2a3ea?ixlib=rb-4.0.3&ixid=M3wxMjA3fDB8MHxwaG90by1wYWdlfHx8fGVufDB8fHx8fA%3D%3D&auto=format&fit=crop&w=1170&q=80', N'anh-san-pham', N'a9b80856-4ada-4d74-aa08-647352ea5a4e', CAST(N'2023-08-05T21:59:11.920' AS DateTime), 1)
INSERT [dbo].[ProductImages] ([Id], [ImageLink], [Alt], [ProductId], [CreatedDate], [Status]) VALUES (N'fe5dd460-1bcc-4396-9c4b-ef1e8238e580', N'https://images.unsplash.com/photo-1690264696696-95ce83c2a3ea?ixlib=rb-4.0.3&ixid=M3wxMjA3fDB8MHxwaG90by1wYWdlfHx8fGVufDB8fHx8fA%3D%3D&auto=format&fit=crop&w=1170&q=80', N'anh-san-pham', N'525d19c1-c217-4ac2-a261-9217c2c6d032', CAST(N'2023-08-05T21:59:11.927' AS DateTime), 1)
INSERT [dbo].[ProductImages] ([Id], [ImageLink], [Alt], [ProductId], [CreatedDate], [Status]) VALUES (N'846309a6-7827-4640-bebe-ef49f5041c06', N'https://images.unsplash.com/photo-1690264696696-95ce83c2a3ea?ixlib=rb-4.0.3&ixid=M3wxMjA3fDB8MHxwaG90by1wYWdlfHx8fGVufDB8fHx8fA%3D%3D&auto=format&fit=crop&w=1170&q=80', N'anh-san-pham', N'0aed0c79-8af9-4e65-99ce-1083a18f7329', CAST(N'2023-08-05T21:59:11.907' AS DateTime), 1)
INSERT [dbo].[ProductImages] ([Id], [ImageLink], [Alt], [ProductId], [CreatedDate], [Status]) VALUES (N'24d3f6a3-513f-458b-adf4-f0cc55b4be16', N'https://images.unsplash.com/photo-1690264696696-95ce83c2a3ea?ixlib=rb-4.0.3&ixid=M3wxMjA3fDB8MHxwaG90by1wYWdlfHx8fGVufDB8fHx8fA%3D%3D&auto=format&fit=crop&w=1170&q=80', N'anh-san-pham', N'b85a946a-8784-45c3-a9cf-867efc352a41', CAST(N'2023-08-05T21:59:11.927' AS DateTime), 1)
INSERT [dbo].[ProductImages] ([Id], [ImageLink], [Alt], [ProductId], [CreatedDate], [Status]) VALUES (N'16f9ddd9-02f1-4f21-89b4-f15836d4a3ed', N'https://images.unsplash.com/photo-1690264696696-95ce83c2a3ea?ixlib=rb-4.0.3&ixid=M3wxMjA3fDB8MHxwaG90by1wYWdlfHx8fGVufDB8fHx8fA%3D%3D&auto=format&fit=crop&w=1170&q=80', N'anh-san-pham', N'd63d0287-7650-4adc-84a0-78ff5a4b370b', CAST(N'2023-08-05T21:59:11.923' AS DateTime), 1)
INSERT [dbo].[ProductImages] ([Id], [ImageLink], [Alt], [ProductId], [CreatedDate], [Status]) VALUES (N'6903dcb1-86f6-44df-8939-f32dc6d6cd50', N'https://images.unsplash.com/photo-1690264696696-95ce83c2a3ea?ixlib=rb-4.0.3&ixid=M3wxMjA3fDB8MHxwaG90by1wYWdlfHx8fGVufDB8fHx8fA%3D%3D&auto=format&fit=crop&w=1170&q=80', N'anh-san-pham', N'ac322c3b-1c15-4bba-91fc-0d4ed8ceb545', CAST(N'2023-08-05T21:59:11.903' AS DateTime), 1)
INSERT [dbo].[ProductImages] ([Id], [ImageLink], [Alt], [ProductId], [CreatedDate], [Status]) VALUES (N'2e53b76e-f455-4a5e-8f3e-f4b2dc237ce5', N'https://images.unsplash.com/photo-1690264696696-95ce83c2a3ea?ixlib=rb-4.0.3&ixid=M3wxMjA3fDB8MHxwaG90by1wYWdlfHx8fGVufDB8fHx8fA%3D%3D&auto=format&fit=crop&w=1170&q=80', N'anh-san-pham', N'6fcffdc5-61c7-4fe9-8a51-717756dfc01f', CAST(N'2023-08-05T21:59:11.920' AS DateTime), 1)
INSERT [dbo].[ProductImages] ([Id], [ImageLink], [Alt], [ProductId], [CreatedDate], [Status]) VALUES (N'9b2ed9d5-770e-4906-885a-f4b39830c6c7', N'https://images.unsplash.com/photo-1690264696696-95ce83c2a3ea?ixlib=rb-4.0.3&ixid=M3wxMjA3fDB8MHxwaG90by1wYWdlfHx8fGVufDB8fHx8fA%3D%3D&auto=format&fit=crop&w=1170&q=80', N'anh-san-pham', N'a9b80856-4ada-4d74-aa08-647352ea5a4e', CAST(N'2023-08-05T21:59:11.920' AS DateTime), 1)
INSERT [dbo].[ProductImages] ([Id], [ImageLink], [Alt], [ProductId], [CreatedDate], [Status]) VALUES (N'ca7d0465-a979-4ec8-9da6-f653998bce8c', N'https://images.unsplash.com/photo-1690264696696-95ce83c2a3ea?ixlib=rb-4.0.3&ixid=M3wxMjA3fDB8MHxwaG90by1wYWdlfHx8fGVufDB8fHx8fA%3D%3D&auto=format&fit=crop&w=1170&q=80', N'anh-san-pham', N'41fa384c-e982-4b43-85d0-b419becbe36c', CAST(N'2023-08-05T21:59:11.937' AS DateTime), 1)
INSERT [dbo].[ProductImages] ([Id], [ImageLink], [Alt], [ProductId], [CreatedDate], [Status]) VALUES (N'75e54723-8d2b-408b-9ef3-f879fe4f1675', N'https://images.unsplash.com/photo-1690264696696-95ce83c2a3ea?ixlib=rb-4.0.3&ixid=M3wxMjA3fDB8MHxwaG90by1wYWdlfHx8fGVufDB8fHx8fA%3D%3D&auto=format&fit=crop&w=1170&q=80', N'anh-san-pham', N'ccea15ca-8380-4d70-b968-53298e75461d', CAST(N'2023-08-05T21:59:11.917' AS DateTime), 1)
INSERT [dbo].[ProductImages] ([Id], [ImageLink], [Alt], [ProductId], [CreatedDate], [Status]) VALUES (N'15fac86b-a1cc-49a9-a7d3-fa87140a8bf5', N'https://images.unsplash.com/photo-1690264696696-95ce83c2a3ea?ixlib=rb-4.0.3&ixid=M3wxMjA3fDB8MHxwaG90by1wYWdlfHx8fGVufDB8fHx8fA%3D%3D&auto=format&fit=crop&w=1170&q=80', N'anh-san-pham', N'fc34594b-3dd1-49b3-85da-a9c3d236d8e3', CAST(N'2023-08-05T21:59:11.937' AS DateTime), 1)
INSERT [dbo].[ProductImages] ([Id], [ImageLink], [Alt], [ProductId], [CreatedDate], [Status]) VALUES (N'577c6269-dd2f-4aaa-b405-fa9a0ad735ba', N'https://images.unsplash.com/photo-1690264696696-95ce83c2a3ea?ixlib=rb-4.0.3&ixid=M3wxMjA3fDB8MHxwaG90by1wYWdlfHx8fGVufDB8fHx8fA%3D%3D&auto=format&fit=crop&w=1170&q=80', N'anh-san-pham', N'594d63b7-0c9a-4324-b5c2-47ec462b65bd', CAST(N'2023-08-05T21:59:11.913' AS DateTime), 1)
INSERT [dbo].[ProductImages] ([Id], [ImageLink], [Alt], [ProductId], [CreatedDate], [Status]) VALUES (N'7228d866-c30b-449a-83bb-fc07a99bc7dc', N'https://images.unsplash.com/photo-1690264696696-95ce83c2a3ea?ixlib=rb-4.0.3&ixid=M3wxMjA3fDB8MHxwaG90by1wYWdlfHx8fGVufDB8fHx8fA%3D%3D&auto=format&fit=crop&w=1170&q=80', N'anh-san-pham', N'e670ca73-6ab5-4e47-b6ad-33a8f16176ca', CAST(N'2023-08-05T21:59:11.910' AS DateTime), 1)
INSERT [dbo].[ProductImages] ([Id], [ImageLink], [Alt], [ProductId], [CreatedDate], [Status]) VALUES (N'8e4877ee-2599-4ea8-b234-fd056666a931', N'https://images.unsplash.com/photo-1690264696696-95ce83c2a3ea?ixlib=rb-4.0.3&ixid=M3wxMjA3fDB8MHxwaG90by1wYWdlfHx8fGVufDB8fHx8fA%3D%3D&auto=format&fit=crop&w=1170&q=80', N'anh-san-pham', N'3f2a6a41-2c80-4d87-8568-78a4a67eee80', CAST(N'2023-08-05T21:59:11.923' AS DateTime), 1)
INSERT [dbo].[ProductImages] ([Id], [ImageLink], [Alt], [ProductId], [CreatedDate], [Status]) VALUES (N'cf63806f-1532-4740-a91d-fe3da5101ada', N'https://images.unsplash.com/photo-1690264696696-95ce83c2a3ea?ixlib=rb-4.0.3&ixid=M3wxMjA3fDB8MHxwaG90by1wYWdlfHx8fGVufDB8fHx8fA%3D%3D&auto=format&fit=crop&w=1170&q=80', N'anh-san-pham', N'4534d0ba-1130-401f-8625-3e175c85a11f', CAST(N'2023-08-05T21:59:11.913' AS DateTime), 1)
INSERT [dbo].[ProductImages] ([Id], [ImageLink], [Alt], [ProductId], [CreatedDate], [Status]) VALUES (N'60e73a9a-28f6-4a78-93d6-fffe103ecb60', N'https://images.unsplash.com/photo-1690264696696-95ce83c2a3ea?ixlib=rb-4.0.3&ixid=M3wxMjA3fDB8MHxwaG90by1wYWdlfHx8fGVufDB8fHx8fA%3D%3D&auto=format&fit=crop&w=1170&q=80', N'anh-san-pham', N'e971aac1-9c1b-4694-aeec-56d7941c8be0', CAST(N'2023-08-05T21:59:11.917' AS DateTime), 1)
GO
